Filename,ID,Microscope,Objective,Mag,Accession,Ear ,Ear row,Ear position,Spk position,Position type,taxon code,View,Charred?
1651_High09_A_R1_1of1_Taes_1x1_d_c,1651,Nikon,1x,1,High09,A,R1,Base,1of1,Solo,Taes,d,c
1652_High09_A_R1_1of1_Taes_1x1_l_c,1652,Nikon,1x,1,High09,A,R1,Base,1of1,Solo,Taes,l,c
1654_High09_A_R2_2of3_Taes_1x1_d_c,1654,Nikon,1x,1,High09,A,R2,Base,2of3,Internal,Taes,d,c
1655_High09_A_R2_2of3_Taes_1x1_l_c,1655,Nikon,1x,1,High09,A,R2,Base,2of3,Internal,Taes,l,c
1657_High09_A_R2_2_Taes_1x1_d_c,1657,Nikon,1x,1,High09,A,R2,Base,3of3,External,Taes,d,c
1658_High09_A_R2_3of3_Taes_1x1_l_c,1658,Nikon,1x,1,High09,A,R2,Base,3of3,External,Taes,l,c
1660_High09_A_R9_1of3_Taes_1x1_d_c,1660,Nikon,1x,1,High09,A,R9,Mid,1of3,External,Taes,d,c
1661_High09_A_R9_1of3_Taes_1x1_l_c,1661,Nikon,1x,1,High09,A,R9,Mid,1of3,External,Taes,l,c
1663_High09_A_R9_2of3_Taes_1x1_d_c,1663,Nikon,1x,1,High09,A,R9,Mid,2of3,Internal,Taes,d,c
1664_High09_A_R9_2of3_Taes_1x1_l_c,1664,Nikon,1x,1,High09,A,R9,Mid,2of3,Internal,Taes,l,c
1666_High09_A_R9_3of3_Taes_1x1_d_c,1666,Nikon,1x,1,High09,A,R9,Mid,3of3,External,Taes,d,c
1667_High09_A_R9_3of3_Taes_1x1_l_c,1667,Nikon,1x,1,High09,A,R9,Mid,3of3,External,Taes,l,c
1669_High09_A_R17_2of3_Taes_1x1_d_c,1669,Nikon,1x,1,High09,A,R17,Top,2of3,Internal,Taes,d,c
1670_High09_A_R17_2of3_Taes_1x1_l_c,1670,Nikon,1x,1,High09,A,R17,Top,2of3,Internal,Taes,l,c
1672_High09_A_R18_1of2_Taes_1x1_d_c,1672,Nikon,1x,1,High09,A,R18,Top,1of2,External,Taes,d,c
1673_High09_A_R18_1of2_Taes_1x1_l_c,1673,Nikon,1x,1,High09,A,R18,Top,1of2,External,Taes,l,c
1675_High09_A_R18_2of2_Taes_1x1_d_c,1675,Nikon,1x,1,High09,A,R18,Top,2of2,External,Taes,d,c
1676_High09_A_R18_2of2_Taes_1x1_l_c,1676,Nikon,1x,1,High09,A,R18,Top,2of2,External,Taes,l,c
1813_High09_B_R1_1of1_Taes_1x1_d_c,1813,Nikon,1x,1,High09,B,R1,Base,1of1,Solo,Taes,d,c
1814_High09_B_R1_1of1_Taes_1x1_l_c,1814,Nikon,1x,1,High09,B,R1,Base,1of1,Solo,Taes,l,c
1816_High09_B_R2_1of3_Taes_1x1_d_c,1816,Nikon,1x,1,High09,B,R2,Base,1of3,External,Taes,d,c
1817_High09_B_R2_1of3_Taes_1x1_l_c,1817,Nikon,1x,1,High09,B,R2,Base,1of3,External,Taes,l,c
1819_High09_B_R2_2of3_Taes_1x1_d_c,1819,Nikon,1x,1,High09,B,R2,Base,2of3,Internal,Taes,d,c
1820_High09_B_R2_2of3_Taes_1x1_l_c,1820,Nikon,1x,1,High09,B,R2,Base,2of3,Internal,Taes,l,c
1822_High09_B_R6_3of3_Taes_1x1_d_c,1822,Nikon,1x,1,High09,B,R6,Mid,3of3,External,Taes,d,c
1823_High09_B_R6_3of3_Taes_1x1_l_c,1823,Nikon,1x,1,High09,B,R6,Mid,3of3,External,Taes,l,c
1825_High09_B_R7_1of3_Taes_1x1_d_c,1825,Nikon,1x,1,High09,B,R7,Mid,1of3,External,Taes,d,c
1826_High09_B_R7_1of3_Taes_1x1_l_c,1826,Nikon,1x,1,High09,B,R7,Mid,1of3,External,Taes,l,c
1828_High09_B_R7_2of3_Taes_1x1_d_c,1828,Nikon,1x,1,High09,B,R7,Mid,2of3,Internal,Taes,d,c
1829_High09_B_R7_2of3_Taes_1x1_l_c,1829,Nikon,1x,1,High09,B,R7,Mid,2of3,Internal,Taes,l,c
1831_High09_B_R12_1of2_Taes_1x1_d_c,1831,Nikon,1x,1,High09,B,R12,Top,1of2,External,Taes,d,c
1832_High09_B_R12_1of2_Taes_1x1_l_c,1832,Nikon,1x,1,High09,B,R12,Top,1of2,External,Taes,l,c
1834_High09_B_R12_2of2_Taes_1x1_d_c,1834,Nikon,1x,1,High09,B,R12,Top,2of2,External,Taes,d,c
1835_High09_B_R12_2of2_Taes_1x1_l_c,1835,Nikon,1x,1,High09,B,R12,Top,2of2,External,Taes,l,c
1837_High09_B_R13_1of1_Taes_1x1_d_c,1837,Nikon,1x,1,High09,B,R13,Top,1of1,Solo,Taes,d,c
1838_High09_B_R13_1of1_Taes_1x1_l_c,1838,Nikon,1x,1,High09,B,R13,Top,1of1,Solo,Taes,l,c
1840_High09_C_R1_1of2_Taes_1x1_d_c,1840,Nikon,1x,1,High09,C,R1,Base,1of2,External,Taes,d,c
1841_High09_C_R1_1of2_Taes_1x1_l_c,1841,Nikon,1x,1,High09,C,R1,Base,1of2,External,Taes,l,c
1843_High09_C_R1_2of2_Taes_1x1_d_c,1843,Nikon,1x,1,High09,C,R1,Base,2of2,External,Taes,d,c
1844_High09_C_R1_2of2_Taes_1x1_l_c,1844,Nikon,1x,1,High09,C,R1,Base,2of2,External,Taes,l,c
1846_High09_C_R2_1of2_Taes_1x1_d_c,1846,Nikon,1x,1,High09,C,R2,Base,1of2,External,Taes,d,c
1847_High09_C_R2_1of2_Taes_1x1_l_c,1847,Nikon,1x,1,High09,C,R2,Base,1of2,External,Taes,l,c
1849_High09_C_R8_1of3_Taes_1x1_d_c,1849,Nikon,1x,1,High09,C,R8,Mid,1of3,External,Taes,d,c
1850_High09_C_R8_1of3_Taes_1x1_l_c,1850,Nikon,1x,1,High09,C,R8,Mid,1of3,External,Taes,l,c
1852_High09_C_R8_2of3_Taes_1x1_d_c,1852,Nikon,1x,1,High09,C,R8,Mid,2of3,Internal,Taes,d,c
1853_High09_C_R8_2of3_Taes_1x1_l_c,1853,Nikon,1x,1,High09,C,R8,Mid,2of3,Internal,Taes,l,c
1855_High09_C_R8_3of3_Taes_1x1_d_c,1855,Nikon,1x,1,High09,C,R8,Mid,3of3,External,Taes,d,c
1856_High09_C_R8_3of3_Taes_1x1_l_c,1856,Nikon,1x,1,High09,C,R8,Mid,3of3,External,Taes,l,c
1858_High09_C_R14_2of2_Taes_1x1_d_c,1858,Nikon,1x,1,High09,C,R14,Top,2of2,External,Taes,d,c
1859_High09_C_R14_2of2_Taes_1x1_l_c,1859,Nikon,1x,1,High09,C,R14,Top,2of2,External,Taes,l,c
1861_High09_C_R15_1of1_Taes_1x1_d_c,1861,Nikon,1x,1,High09,C,R15,Top,1of1,Solo,Taes,d,c
1862_High09_C_R15_1of1_Taes_1x1_l_c,1862,Nikon,1x,1,High09,C,R15,Top,1of1,Solo,Taes,l,c
1864_High09_C_R16_1of1_Taes_1x1_d_c,1864,Nikon,1x,1,High09,C,R16,Top,1of1,Solo,Taes,d,c
1865_High09_C_R16_1of1_Taes_1x1_l_c,1865,Nikon,1x,1,High09,C,R16,Top,1of1,Solo,Taes,l,c
2191_190157_A_R1_1of4_Tturg_1x1_d_c,2191,Nikon,1x,1,190157,A,R1,Base,1of4,External,Tturg,d,c
2192_190157_A_R1_1of4_Tturg_1x1_l_c,2192,Nikon,1x,1,190157,A,R1,Base,1of4,External,Tturg,l,c
2194_190157_A_R1_2of4_Tturg_1x1_d_c,2194,Nikon,1x,1,190157,A,R1,Base,2of4,Internal,Tturg,d,c
2195_190157_A_R1_2of4_Tturg_1x1_l_c,2195,Nikon,1x,1,190157,A,R1,Base,2of4,Internal,Tturg,l,c
2197_190157_A_R1_3of4_Tturg_1x1_d_c,2197,Nikon,1x,1,190157,A,R1,Base,3of4,Internal,Tturg,d,c
2198_190157_A_R1_3of4_Tturg_1x1_l_c,2198,Nikon,1x,1,190157,A,R1,Base,3of4,Internal,Tturg,l,c
2200_190157_A_R11_1of4_Tturg_1x1_d_c,2200,Nikon,1x,1,190157,A,R11,Mid,1of4,External,Tturg,d,c
2201_190157_A_R11_1of4_Tturg_1x1_l_c,2201,Nikon,1x,1,190157,A,R11,Mid,1of4,External,Tturg,l,c
2203_190157_A_R11_2of4_Tturg_1x1_d_c,2203,Nikon,1x,1,190157,A,R11,Mid,2of4,Internal,Tturg,d,c
2204_190157_A_R11_2of4_Tturg_1x1_l_c,2204,Nikon,1x,1,190157,A,R11,Mid,2of4,Internal,Tturg,l,c
2206_190157_A_R12_1of4_Tturg_1x1_d_c,2206,Nikon,1x,1,190157,A,R12,Mid,1of4,External,Tturg,d,c
2207_190157_A_R12_1of4_Tturg_1x1_l_c,2207,Nikon,1x,1,190157,A,R12,Mid,1of4,External,Tturg,l,c
2209_190157_A_R20_1of2_Tturg_1x1_d_c,2209,Nikon,1x,1,190157,A,R20,Top,1of2,External,Tturg,d,c
2210_190157_A_R20_1of2_Tturg_1x1_l_c,2210,Nikon,1x,1,190157,A,R20,Top,1of2,External,Tturg,l,c
2212_190157_A_R21_1of1_Tturg_1x1_d_c,2212,Nikon,1x,1,190157,A,R21,Top,1of1,Solo,Tturg,d,c
2213_190157_A_R21_1of1_Tturg_1x1_l_c,2213,Nikon,1x,1,190157,A,R21,Top,1of1,Solo,Tturg,l,c
2215_190157_A_R22_1of1_Tturg_1x1_d_c,2215,Nikon,1x,1,190157,A,R22,Top,1of1,Solo,Tturg,d,c
2216_190157_A_R22_1of1_Tturg_1x1_l_c,2216,Nikon,1x,1,190157,A,R22,Top,1of1,Solo,Tturg,l,c
2218_190157_B_R1_1of2_Tturg_1x1_d_c,2218,Nikon,1x,1,190157,B,R1,Base,1of2,External,Tturg,d,c
2219_190157_B_R1_1of2_Tturg_1x1_l_c,2219,Nikon,1x,1,190157,B,R1,Base,1of2,External,Tturg,l,c
2221_190157_B_R1_2of2_Tturg_1x1_d_c,2221,Nikon,1x,1,190157,B,R1,Base,2of2,External,Tturg,d,c
2222_190157_B_R1_2of2_Tturg_1x1_l_c,2222,Nikon,1x,1,190157,B,R1,Base,2of2,External,Tturg,l,c
2224_190157_B_R2_1of2_Tturg_1x1_d_c,2224,Nikon,1x,1,190157,B,R2,Base,1of2,External,Tturg,d,c
2225_190157_B_R2_1of2_Tturg_1x1_l_c,2225,Nikon,1x,1,190157,B,R2,Base,1of2,External,Tturg,l,c
2227_190157_B_R12_4of6_Tturg_1x1_d_c,2227,Nikon,1x,1,190157,B,R12,Mid,4of6,Internal,Tturg,d,c
2228_190157_B_R12_4of6_Tturg_1x1_l_c,2228,Nikon,1x,1,190157,B,R12,Mid,4of6,Internal,Tturg,l,c
2230_190157_B_R12_5of6_Tturg_1x1_d_c,2230,Nikon,1x,1,190157,B,R12,Mid,5of6,Internal,Tturg,d,c
2231_190157_B_R12_5of6_Tturg_1x1_l_c,2231,Nikon,1x,1,190157,B,R12,Mid,5of6,Internal,Tturg,l,c
2233_190157_B_R12_6of6_Tturg_1x1_d_c,2233,Nikon,1x,1,190157,B,R12,Mid,6of6,External,Tturg,d,c
2234_190157_B_R12_6of6_Tturg_1x1_l_c,2234,Nikon,1x,1,190157,B,R12,Mid,6of6,External,Tturg,l,c
2236_190157_B_R22_1of2_Tturg_1x1_d_c,2236,Nikon,1x,1,190157,B,R22,Top,1of2,External,Tturg,d,c
2237_190157_B_R22_1of2_Tturg_1x1_l_c,2237,Nikon,1x,1,190157,B,R22,Top,1of2,External,Tturg,l,c
2239_190157_B_R22_2of2_Tturg_1x1_d_c,2239,Nikon,1x,1,190157,B,R22,Top,2of2,External,Tturg,d,c
2240_190157_B_R22_2of2_Tturg_1x1_l_c,2240,Nikon,1x,1,190157,B,R22,Top,2of2,External,Tturg,l,c
2242_190157_B_R23_1of1_Tturg_1x1_d_c,2242,Nikon,1x,1,190157,B,R23,Top,1of1,Solo,Tturg,d,c
2243_190157_B_R23_1of1_Tturg_1x1_l_c,2243,Nikon,1x,1,190157,B,R23,Top,1of1,Solo,Tturg,l,c
2245_190157_C_R2_1of2_Tturg_1x1_d_c,2245,Nikon,1x,1,190157,C,R2,Base,1of2,External,Tturg,d,c
2246_190157_C_R2_1of2_Tturg_1x1_l_c,2246,Nikon,1x,1,190157,C,R2,Base,1of2,External,Tturg,l,c
2248_190157_C_R2_2of2_Tturg_1x1_d_c,2248,Nikon,1x,1,190157,C,R2,Base,2of2,External,Tturg,d,c
2249_190157_C_R2_2of2_Tturg_1x1_l_c,2249,Nikon,1x,1,190157,C,R2,Base,2of2,External,Tturg,l,c
2251_190157_C_R3_4of5_Tturg_1x1_d_c,2251,Nikon,1x,1,190157,C,R3,Base,4of5,Internal,Tturg,d,c
2252_190157_C_R3_4of5_Tturg_1x1_l_c,2252,Nikon,1x,1,190157,C,R3,Base,4of5,Internal,Tturg,l,c
2254_190157_C_R8_1of6_Tturg_1x1_d_c,2254,Nikon,1x,1,190157,C,R8,Mid,1of6,External,Tturg,d,c
2255_190157_C_R8_1of6_Tturg_1x1_l_c,2255,Nikon,1x,1,190157,C,R8,Mid,1of6,External,Tturg,l,c
2257_190157_C_R8_2of6_Tturg_1x1_d_c,2257,Nikon,1x,1,190157,C,R8,Mid,2of6,Internal,Tturg,d,c
2258_190157_C_R8_2of6_Tturg_1x1_l_c,2258,Nikon,1x,1,190157,C,R8,Mid,2of6,Internal,Tturg,l,c
2260_190157_C_R8_5of6_Tturg_1x1_d_c,2260,Nikon,1x,1,190157,C,R8,Mid,5of6,Internal,Tturg,d,c
2261_190157_C_R8_5of6_Tturg_1x1_l_c,2261,Nikon,1x,1,190157,C,R8,Mid,5of6,Internal,Tturg,l,c
2263_190157_C_R13_1of2_Tturg_1x1_d_c,2263,Nikon,1x,1,190157,C,R13,Top,1of2,External,Tturg,d,c
2264_190157_C_R13_1of2_Tturg_1x1_l_c,2264,Nikon,1x,1,190157,C,R13,Top,1of2,External,Tturg,l,c
2266_190157_C_R13_2of2_Tturg_1x1_d_c,2266,Nikon,1x,1,190157,C,R13,Top,2of2,External,Tturg,d,c
2267_190157_C_R13_2of2_Tturg_1x1_l_c,2267,Nikon,1x,1,190157,C,R13,Top,2of2,External,Tturg,l,c
2269_190157_C_R14_1of1_Tturg_1x1_d_c,2269,Nikon,1x,1,190157,C,R14,Top,1of1,Solo,Tturg,d,c
2270_190157_C_R14_1of1_Tturg_1x1_l_c,2270,Nikon,1x,1,190157,C,R14,Top,1of1,Solo,Tturg,l,c
2353_T1200011_A_R1_1of3_Tcom_1x1_d_c,2353,Nikon,1x,1,T1200011,A,R1,,1of3,External,Tcom,d,c
2354_T1200011_A_R1_1of3_Tcom_1x1_l_c,2354,Nikon,1x,1,T1200011,A,R1,,1of3,External,Tcom,l,c
2356_T1200011_A_R1_2of3_Tcom_1x1_d_c,2356,Nikon,1x,1,T1200011,A,R1,,2of3,Internal,Tcom,d,c
2357_T1200011_A_R1_2of3_Tcom_1x1_l_c,2357,Nikon,1x,1,T1200011,A,R1,,2of3,Internal,Tcom,l,c
2359_T1200011_A_R1_3of3_Tcom_1x1_d_c,2359,Nikon,1x,1,T1200011,A,R1,,3of3,External,Tcom,d,c
2360_T1200011_A_R1_3of3_Tcom_1x1_l_c,2360,Nikon,1x,1,T1200011,A,R1,,3of3,External,Tcom,l,c
2362_T1200011_A_R10_1of4_Tcom_1x1_d_c,2362,Nikon,1x,1,T1200011,A,R10,,1of4,External,Tcom,d,c
2363_T1200011_A_R10_1of4_Tcom_1x1_l_c,2363,Nikon,1x,1,T1200011,A,R10,,1of4,External,Tcom,l,c
2365_T1200011_A_R10_3of4_Tcom_1x1_d_c,2365,Nikon,1x,1,T1200011,A,R10,,3of4,Internal,Tcom,d,c
2366_T1200011_A_R10_3of4_Tcom_1x1_l_c,2366,Nikon,1x,1,T1200011,A,R10,,3of4,Internal,Tcom,l,c
2368_T1200011_A_R10_4of4_Tcom_1x1_d_c,2368,Nikon,1x,1,T1200011,A,R10,,4of4,External,Tcom,d,c
2369_T1200011_A_R10_4of4_Tcom_1x1_l_c,2369,Nikon,1x,1,T1200011,A,R10,,4of4,External,Tcom,l,c
2371_T1200011_A_R19_1of2_Tcom_1x1_d_c,2371,Nikon,1x,1,T1200011,A,R19,,1of2,External,Tcom,d,c
2372_T1200011_A_R19_1of2_Tcom_1x1_l_c,2372,Nikon,1x,1,T1200011,A,R19,,1of2,External,Tcom,l,c
2374_T1200011_A_R19_2of2_Tcom_1x1_d_c,2374,Nikon,1x,1,T1200011,A,R19,,2of2,External,Tcom,d,c
2375_T1200011_A_R19_2of2_Tcom_1x1_l_c,2375,Nikon,1x,1,T1200011,A,R19,,2of2,External,Tcom,l,c
2377_T1200011_A_R20_1of1_Tcom_1x1_d_c,2377,Nikon,1x,1,T1200011,A,R20,,1of1,Solo,Tcom,d,c
2378_T1200011_A_R20_1of1_Tcom_1x1_l_c,2378,Nikon,1x,1,T1200011,A,R20,,1of1,Solo,Tcom,l,c
2461_T1200011_B_R1_1of2_Tcom_1x1_d_c,2461,Nikon,1x,1,T1200011,B,R1,,1of2,External,Tcom,d,c
2462_T1200011_B_R1_1of2_Tcom_1x1_l_c,2462,Nikon,1x,1,T1200011,B,R1,,1of2,External,Tcom,l,c
2464_T1200011_B_R1_2of2_Tcom_1x1_d_c,2464,Nikon,1x,1,T1200011,B,R1,,2of2,External,Tcom,d,c
2465_T1200011_B_R1_2of2_Tcom_1x1_l_c,2465,Nikon,1x,1,T1200011,B,R1,,2of2,External,Tcom,l,c
2467_T1200011_B_R2_2of3_Tcom_1x1_d_c,2467,Nikon,1x,1,T1200011,B,R2,,2of3,Internal,Tcom,d,c
2468_T1200011_B_R2_2of3_Tcom_1x1_l_c,2468,Nikon,1x,1,T1200011,B,R2,,2of3,Internal,Tcom,l,c
2470_T1200011_B_R2_1of4_Tcom_1x1_d_c,2470,Nikon,1x,1,T1200011,B,R11,,1of4,External,Tcom,d,c
2471_T1200011_B_R11_1of4_Tcom_1x1_l_c,2471,Nikon,1x,1,T1200011,B,R11,,1of4,External,Tcom,l,c
2473_T1200011_B_R11_2of4_Tcom_1x1_d_c,2473,Nikon,1x,1,T1200011,B,R11,,2of4,Internal,Tcom,d,c
2474_T1200011_B_R11_2of4_Tcom_1x1_l_c,2474,Nikon,1x,1,T1200011,B,R11,,2of4,Internal,Tcom,l,c
2476_T1200011_B_R11_4of4_Tcom_1x1_d_c,2476,Nikon,1x,1,T1200011,B,R11,,4of4,External,Tcom,d,c
2477_T1200011_B_R11_4of4_Tcom_1x1_l_c,2477,Nikon,1x,1,T1200011,B,R11,,4of4,External,Tcom,l,c
2479_T1200011_B_R20_1of2_Tcom_1x1_d_c,2479,Nikon,1x,1,T1200011,B,R20,,1of2,External,Tcom,d,c
2480_T1200011_B_R20_1of2_Tcom_1x1_l_c,2480,Nikon,1x,1,T1200011,B,R20,,1of2,External,Tcom,l,c
2482_T1200011_B_R20_2of2_Tcom_1x1_d_c,2482,Nikon,1x,1,T1200011,B,R20,,2of2,External,Tcom,d,c
2483_T1200011_B_R20_2of2_Tcom_1x1_l_c,2483,Nikon,1x,1,T1200011,B,R20,,2of2,External,Tcom,l,c
2485_T1200011_B_R21_1of1_Tcom_1x1_d_c,2485,Nikon,1x,1,T1200011,B,R21,,1of1,Solo,Tcom,d,c
2486_T1200011_B_R21_1of1_Tcom_1x1_l_c,2486,Nikon,1x,1,T1200011,B,R21,,1of1,Solo,Tcom,l,c
2488_T1200011_C_R1_1of2_Tcom_1x1_d_c,2488,Nikon,1x,1,T1200011,C,R1,,1of2,External,Tcom,d,c
2489_T1200011_C_R1_1of2_Tcom_1x1_l_c,2489,Nikon,1x,1,T1200011,C,R1,,1of2,External,Tcom,l,c
2491_T1200011_C_R1_2of2_Tcom_1x1_d_c,2491,Nikon,1x,1,T1200011,C,R1,,2of2,External,Tcom,d,c
2492_T1200011_C_R1_2of2_Tcom_1x1_l_c,2492,Nikon,1x,1,T1200011,C,R1,,2of2,External,Tcom,l,c
2494_T1200011_C_R2_2of3_Tcom_1x1_d_c,2494,Nikon,1x,1,T1200011,C,R2,,2of3,Internal,Tcom,d,c
2495_T1200011_C_R2_2of3_Tcom_1x1_l_c,2495,Nikon,1x,1,T1200011,C,R2,,2of3,Internal,Tcom,l,c
2497_T1200011_C_R12_1of3_Tcom_1x1_d_c,2497,Nikon,1x,1,T1200011,C,R12,,1of3,External,Tcom,d,c
2498_T1200011_C_R12_1of3_Tcom_1x1_l_c,2498,Nikon,1x,1,T1200011,C,R12,,1of3,External,Tcom,l,c
2500_T1200011_C_R12_2of3_Tcom_1x1_d_c,2500,Nikon,1x,1,T1200011,C,R12,,2of3,Internal,Tcom,d,c
2501_T1200011_C_R12_2of3_Tcom_1x1_l_c,2501,Nikon,1x,1,T1200011,C,R12,,2of3,Internal,Tcom,l,c
2503_T1200011_C_R12_3of3_Tcom_1x1_d_c,2503,Nikon,1x,1,T1200011,C,R12,,3of3,External,Tcom,d,c
2504_T1200011_C_R12_3of3_Tcom_1x1_l_c,2504,Nikon,1x,1,T1200011,C,R12,,3of3,External,Tcom,l,c
2506_T1200011_C_R21_2of2_Tcom_1x1_d_c,2506,Nikon,1x,1,T1200011,C,R21,,2of2,External,Tcom,d,c
2507_T1200011_C_R21_2of2_Tcom_1x1_l_c,2507,Nikon,1x,1,T1200011,C,R21,,2of2,External,Tcom,l,c
2509_T1200011_C_R22_1of1_Tcom_1x1_d_c,2509,Nikon,1x,1,T1200011,C,R22,,1of1,Solo,Tcom,d,c
2510_T1200011_C_R22_1of1_Tcom_1x1_l_c,2510,Nikon,1x,1,T1200011,C,R22,,1of1,Solo,Tcom,l,c
2512_T1200011_C_R23_1of1_Tcom_1x1_d_c,2512,Nikon,1x,1,T1200011,C,R23,,1of1,Solo,Tcom,d,c
2513_T1200011_C_R23_1of1_Tcom_1x1_l_c,2513,Nikon,1x,1,T1200011,C,R23,,1of1,Solo,Tcom,l,c
2515_TRI8005_A_R1_1of3_Tdur_1x1_d_c,2515,Nikon,1x,1,TRI8005,A,R1,Base,1of3,External,Tdur,d,c
2516_TRI8005_A_R1_1of3_Tdur_1x1_l_c,2516,Nikon,1x,1,TRI8005,A,R1,Base,1of3,External,Tdur,l,c
2518_TRI8005_A_R1_2of3_Tdur_1x1_d_c,2518,Nikon,1x,1,TRI8005,A,R1,Base,2of3,Internal,Tdur,d,c
2519_TRI8005_A_R1_2of3_Tdur_1x1_l_c,2519,Nikon,1x,1,TRI8005,A,R1,Base,2of3,Internal,Tdur,l,c
2521_TRI8005_A_R1_3of3_Tdur_1x1_d_c,2521,Nikon,1x,1,TRI8005,A,R1,Base,3of3,External,Tdur,d,c
2522_TRI8005_A_R1_3of3_Tdur_1x1_l_c,2522,Nikon,1x,1,TRI8005,A,R1,Base,3of3,External,Tdur,l,c
2524_TRI8005_A_R9_1of2_Tdur_1x1_d_c,2524,Nikon,1x,1,TRI8005,A,R9,Mid,1of2,External,Tdur,d,c
2525_TRI8005_A_R9_1of2_Tdur_1x1_l_c,2525,Nikon,1x,1,TRI8005,A,R9,Mid,1of2,External,Tdur,l,c
2527_TRI8005_A_R9_2of2_Tdur_1x1_d_c,2527,Nikon,1x,1,TRI8005,A,R9,Mid,2of2,External,Tdur,d,c
2528_TRI8005_A_R9_2of2_Tdur_1x1_l_c,2528,Nikon,1x,1,TRI8005,A,R9,Mid,2of2,External,Tdur,l,c
2530_TRI8005_A_R10_2of3_Tdur_1x1_d_c,2530,Nikon,1x,1,TRI8005,A,R10,Mid,2of3,Internal,Tdur,d,c
2531_TRI8005_A_R10_2of3_Tdur_1x1_l_c,2531,Nikon,1x,1,TRI8005,A,R10,Mid,2of3,Internal,Tdur,l,c
2533_TRI8005_A_R17_2of2_Tdur_1x1_d_c,2533,Nikon,1x,1,TRI8005,A,R17,Top,2of2,External,Tdur,d,c
2534_TRI8005_A_R17_2of2_Tdur_1x1_l_c,2534,Nikon,1x,1,TRI8005,A,R17,Top,2of2,External,Tdur,l,c
2536_TRI8005_A_R18_1of2_Tdur_1x1_d_c,2536,Nikon,1x,1,TRI8005,A,R18,Top,1of2,External,Tdur,d,c
2537_TRI8005_A_R18_1of2_Tdur_1x1_l_c,2537,Nikon,1x,1,TRI8005,A,R18,Top,1of2,External,Tdur,l,c
2539_TRI8005_A_R18_2of2_Tdur_1x1_d_c,2539,Nikon,1x,1,TRI8005,A,R18,Top,2of2,External,Tdur,d,c
2540_TRI8005_A_R18_2of2_Tdur_1x1_l_c,2540,Nikon,1x,1,TRI8005,A,R18,Top,2of2,External,Tdur,l,c
2542_TRI8005_B_R1_1of2_Tdur_1x1_d_c,2542,Nikon,1x,1,TRI8005,B,R1,Base,1of2,External,Tdur,d,c
2543_TRI8005_B_R1_1of2_Tdur_1x1_l_c,2543,Nikon,1x,1,TRI8005,B,R1,Base,1of2,External,Tdur,l,c
2545_TRI8005_B_R1_2of2_Tdur_1x1_d_c,2545,Nikon,1x,1,TRI8005,B,R1,Base,2of2,External,Tdur,d,c
2546_TRI8005_B_R1_2of2_Tdur_1x1_l_c,2546,Nikon,1x,1,TRI8005,B,R1,Base,2of2,External,Tdur,l,c
2548_TRI8005_B_R2_1of2_Tdur_1x1_d_c,2548,Nikon,1x,1,TRI8005,B,R2,Base,1of2,External,Tdur,d,c
2549_TRI8005_B_R2_1of2_Tdur_1x1_l_c,2549,Nikon,1x,1,TRI8005,B,R2,Base,1of2,External,Tdur,l,c
2551_TRI8005_B_R7_1of3_Tdur_1x1_d_c,2551,Nikon,1x,1,TRI8005,B,R7,Mid,1of3,External,Tdur,d,c
2552_TRI8005_B_R7_1of3_Tdur_1x1_l_c,2552,Nikon,1x,1,TRI8005,B,R7,Mid,1of3,External,Tdur,l,c
2554_TRI8005_B_R7_2of3_Tdur_1x1_d_c,2554,Nikon,1x,1,TRI8005,B,R7,Mid,2of3,Internal,Tdur,d,c
2555_TRI8005_B_R7_2of3_Tdur_1x1_l_c,2555,Nikon,1x,1,TRI8005,B,R7,Mid,2of3,Internal,Tdur,l,c
2557_TRI8005_B_R7_3of3_Tdur_1x1_d_c,2557,Nikon,1x,1,TRI8005,B,R7,Mid,3of3,External,Tdur,d,c
2558_TRI8005_B_R7_3of3_Tdur_1x1_l_c,2558,Nikon,1x,1,TRI8005,B,R7,Mid,3of3,External,Tdur,l,c
2560_TRI8005_B_R14_1of2_Tdur_1x1_d_c,2560,Nikon,1x,1,TRI8005,B,R14,Top,1of2,External,Tdur,d,c
2561_TRI8005_B_R14_1of2_Tdur_1x1_l_c,2561,Nikon,1x,1,TRI8005,B,R14,Top,1of2,External,Tdur,l,c
2563_TRI8005_B_R14_2of2_Tdur_1x1_d_c,2563,Nikon,1x,1,TRI8005,B,R14,Top,2of2,External,Tdur,d,c
2564_TRI8005_B_R14_2of2_Tdur_1x1_l_c,2564,Nikon,1x,1,TRI8005,B,R14,Top,2of2,External,Tdur,l,c
2566_TRI8005_B_R15_1of1_Tdur_1x1_d_c,2566,Nikon,1x,1,TRI8005,B,R15,Top,1of1,Solo,Tdur,d,c
2567_TRI8005_B_R15_1of1_Tdur_1x1_l_c,2567,Nikon,1x,1,TRI8005,B,R15,Top,1of1,Solo,Tdur,l,c
2569_TRI8005_C_R1_1of2_Tdur_1x1_d_c,2569,Nikon,1x,1,TRI8005,C,R1,,1of2,External,Tdur,d,c
2570_TRI8005_C_R1_1of2_Tdur_1x1_l_c,2570,Nikon,1x,1,TRI8005,C,R1,,1of2,External,Tdur,l,c
2572_TRI8005_C_R1_2of2_Tdur_1x1_d_c,2572,Nikon,1x,1,TRI8005,C,R1,,2of2,External,Tdur,d,c
2573_TRI8005_C_R1_2of2_Tdur_1x1_l_c,2573,Nikon,1x,1,TRI8005,C,R1,,2of2,External,Tdur,l,c
2575_TRI8005_C_R2_2of3_Tdur_1x1_d_c,2575,Nikon,1x,1,TRI8005,C,R2,,2of3,Internal,Tdur,d,c
2576_TRI8005_C_R2_2of3_Tdur_1x1_l_c,2576,Nikon,1x,1,TRI8005,C,R2,,2of3,Internal,Tdur,l,c
2578_TRI8005_C_R8_1of3_Tdur_1x1_d_c,2578,Nikon,1x,1,TRI8005,C,R8,,1of3,External,Tdur,d,c
2579_TRI8005_C_R8_1of3_Tdur_1x1_l_c,2579,Nikon,1x,1,TRI8005,C,R8,,1of3,External,Tdur,l,c
2581_TRI8005_C_R8_2of3_Tdur_1x1_d_c,2581,Nikon,1x,1,TRI8005,C,R8,,2of3,Internal,Tdur,d,c
2582_TRI8005_C_R8_2of3_Tdur_1x1_l_c,2582,Nikon,1x,1,TRI8005,C,R8,,2of3,Internal,Tdur,l,c
2584_TRI8005_C_R8_3of3_Tdur_1x1_d_c,2584,Nikon,1x,1,TRI8005,C,R8,,3of3,External,Tdur,d,c
2585_TRI8005_C_R8_3of3_Tdur_1x1_l_c,2585,Nikon,1x,1,TRI8005,C,R8,,3of3,External,Tdur,l,c
2587_TRI8005_C_R15_1of2_Tdur_1x1_d_c,2587,Nikon,1x,1,TRI8005,C,R15,,1of2,External,Tdur,d,c
2588_TRI8005_C_R15_1of2_Tdur_1x1_l_c,2588,Nikon,1x,1,TRI8005,C,R15,,1of2,External,Tdur,l,c
2590_TRI8005_C_R15_2of2_Tdur_1x1_d_c,2590,Nikon,1x,1,TRI8005,C,R15,,2of2,External,Tdur,d,c
2591_TRI8005_C_R15_2of2_Tdur_1x1_l_c,2591,Nikon,1x,1,TRI8005,C,R15,,2of2,External,Tdur,l,c
2593_TRI8005_C_R16_1of1_Tdur_1x1_d_c,2593,Nikon,1x,1,TRI8005,C,R16,,1of1,Solo,Tdur,d,c
2594_TRI8005_C_R16_1of1_Tdur_1x1_l_c,2594,Nikon,1x,1,TRI8005,C,R16,,1of1,Solo,Tdur,l,c
2596_W6537_A_R1_1of3_Taes_1x1_d_c,2596,Nikon,1x,1,W6537,A,R1,Base,1of3,External,Taes,d,c
2597_W6537_A_R1_1of3_Taes_1x1_l_c,2597,Nikon,1x,1,W6537,A,R1,Base,1of3,External,Taes,l,c
2599_W6537_A_R1_1of3_Taes_1x1_d_c,2599,Nikon,1x,1,W6537,A,R1,Base,2of3,Internal,Taes,d,c
2600_W6537_A_R1_2of3_Taes_1x1_l_c,2600,Nikon,1x,1,W6537,A,R1,Base,2of3,Internal,Taes,l,c
2602_W6537_A_R1_3of3_Taes_1x1_d_c,2602,Nikon,1x,1,W6537,A,R1,Base,3of3,External,Taes,d,c
2603_W6537_A_R1_3of3_Taes_1x1_l_c,2603,Nikon,1x,1,W6537,A,R1,Base,3of3,External,Taes,l,c
2605_W6537_A_R9_3of5_Taes_1x1_d_c,2605,Nikon,1x,1,W6537,A,R9,Mid,3of5,Internal,Taes,d,c
2606_W6537_A_R9_3of5_Taes_1x1_l_c,2606,Nikon,1x,1,W6537,A,R9,Mid,3of5,Internal,Taes,l,c
2608_W6537_A_R9_4of5_Taes_1x1_d_c,2608,Nikon,1x,1,W6537,A,R9,Mid,4of5,Internal,Taes,d,c
2609_W6537_A_R9_4of5_Taes_1x1_l_c,2609,Nikon,1x,1,W6537,A,R9,Mid,4of5,Internal,Taes,l,c
2611_W6537_A_R9_5of5_Taes_1x1_d_c,2611,Nikon,1x,1,W6537,A,R9,Mid,5of5,External,Taes,d,c
2612_W6537_A_R9_5of5_Taes_1x1_l_c,2612,Nikon,1x,1,W6537,A,R9,Mid,5of5,External,Taes,l,c
2614_W6537_A_R16_2of2_Taes_1x1_d_c,2614,Nikon,1x,1,W6537,A,R16,Top,2of2,External,Taes,d,c
2615_W6537_A_R16_2of2_Taes_1x1_l_c,2615,Nikon,1x,1,W6537,A,R16,Top,2of2,External,Taes,l,c
2617_W6537_A_R17_1of1_Taes_1x1_d_c,2617,Nikon,1x,1,W6537,A,R17,Top,1of1,Solo,Taes,d,c
2618_W6537_A_R17_1of1_Taes_1x1_l_c,2618,Nikon,1x,1,W6537,A,R17,Top,1of1,Solo,Taes,l,c
2620_W6537_A_R18_1of1_Taes_1x1_d_c,2620,Nikon,1x,1,W6537,A,R18,Top,1of1,Solo,Taes,d,c
2621_W6537_A_R18_1of1_Taes_1x1_l_c,2621,Nikon,1x,1,W6537,A,R18,Top,1of1,Solo,Taes,l,c
2623_W6537_B_R1_1of1_Taes_1x1_d_c,2623,Nikon,1x,1,W6537,B,R1,Base,1of1,Solo,Taes,d,c
2624_W6537_B_R1_1of1_Taes_1x1_l_c,2624,Nikon,1x,1,W6537,B,R1,Base,1of1,Solo,Taes,l,c
2626_W6537_B_R2_2of3_Taes_1x1_d_c,2626,Nikon,1x,1,W6537,B,R2,Base,2of3,Internal,Taes,d,c
2627_W6537_B_R2_2of3_Taes_1x1_l_c,2627,Nikon,1x,1,W6537,B,R2,Base,2of3,Internal,Taes,l,c
2629_W6537_B_R2_3of3_Taes_1x1_d_c,2629,Nikon,1x,1,W6537,B,R2,Base,3of3,External,Taes,d,c
2630_W6537_B_R2_3of3_Taes_1x1_l_c,2630,Nikon,1x,1,W6537,B,R2,Base,3of3,External,Taes,l,c
2632_W6537_B_R11_2of4_Taes_1x1_d_c,2632,Nikon,1x,1,W6537,B,R11,Mid,2of4,Internal,Taes,d,c
2633_W6537_B_R11_2of4_Taes_1x1_l_c,2633,Nikon,1x,1,W6537,B,R11,Mid,2of4,Internal,Taes,l,c
2635_W6537_B_R11_3of4_Taes_1x1_d_c,2635,Nikon,1x,1,W6537,B,R11,Mid,3of4,Internal,Taes,d,c
2636_W6537_B_R11_3of4_Taes_1x1_l_c,2636,Nikon,1x,1,W6537,B,R11,Mid,3of4,Internal,Taes,l,c
2638_W6537_B_R11_4of4_Taes_1x1_d_c,2638,Nikon,1x,1,W6537,B,R11,Mid,4of4,External,Taes,d,c
2639_W6537_B_R11_4of4_Taes_1x1_l_c,2639,Nikon,1x,1,W6537,B,R11,Mid,4of4,External,Taes,l,c
2641_W6537_B_R16_1of1_Taes_1x1_d_c,2641,Nikon,1x,1,W6537,B,R16,Top,1of1,Solo,Taes,d,c
2642_W6537_B_R16_1of1_Taes_1x1_l_c,2642,Nikon,1x,1,W6537,B,R16,Top,1of1,Solo,Taes,l,c
2644_W6537_B_R17_1of1_Taes_1x1_d_c,2644,Nikon,1x,1,W6537,B,R17,Top,1of1,Solo,Taes,d,c
2645_W6537_B_R17_1of1_Taes_1x1_l_c,2645,Nikon,1x,1,W6537,B,R17,Top,1of1,Solo,Taes,l,c
2647_W6537_B_R18_1of1_Taes_1x1_d_c,2647,Nikon,1x,1,W6537,B,R18,Top,1of1,Solo,Taes,d,c
2648_W6537_B_R18_1of1_Taes_1x1_l_c,2648,Nikon,1x,1,W6537,B,R18,Top,1of1,Solo,Taes,l,c
2650_W6537_C_R1_1of3_Taes_1x1_d_c,2650,Nikon,1x,1,W6537,C,R1,Base,1of3,External,Taes,d,c
2651_W6537_C_R1_1of3_Taes_1x1_l_c,2651,Nikon,1x,1,W6537,C,R1,Base,1of3,External,Taes,l,c
2653_W6537_C_R1_2of3_Taes_1x1_d_c,2653,Nikon,1x,1,W6537,C,R1,Base,2of3,Internal,Taes,d,c
2654_W6537_C_R1_2of3_Taes_1x1_l_c,2654,Nikon,1x,1,W6537,C,R1,Base,2of3,Internal,Taes,l,c
2656_W6537_C_R1_3of3_Taes_1x1_d_c,2656,Nikon,1x,1,W6537,C,R1,Base,3of3,External,Taes,d,c
2657_W6537_C_R1_3of3_Taes_1x1_l_c,2657,Nikon,1x,1,W6537,C,R1,Base,3of3,External,Taes,l,c
2659_W6537_C_R10_1of4_Taes_1x1_d_c,2659,Nikon,1x,1,W6537,C,R10,Mid,1of4,External,Taes,d,c
2660_W6537_C_R10_1of4_Taes_1x1_l_c,2660,Nikon,1x,1,W6537,C,R10,Mid,1of4,External,Taes,l,c
2662_W6537_C_R10_2of4_Taes_1x1_d_c,2662,Nikon,1x,1,W6537,C,R10,Mid,2of4,External,Taes,d,c
2663_W6537_C_R10_2of4_Taes_1x1_l_c,2663,Nikon,1x,1,W6537,C,R10,Mid,2of4,External,Taes,l,c
2665_W6537_C_R10_3of4_Taes_1x1_d_c,2665,Nikon,1x,1,W6537,C,R10,Mid,3of4,Internal,Taes,d,c
2666_W6537_C_R10_3of4_Taes_1x1_l_c,2666,Nikon,1x,1,W6537,C,R10,Mid,3of4,Internal,Taes,l,c
2668_W6537_C_R17_2of2_Taes_1x1_d_c,2668,Nikon,1x,1,W6537,C,R17,Top,2of2,External,Taes,d,c
2669_W6537_C_R17_2of2_Taes_1x1_l_c,2669,Nikon,1x,1,W6537,C,R17,Top,2of2,External,Taes,l,c
2671_W6537_C_R18_1of2_Taes_1x1_d_c,2671,Nikon,1x,1,W6537,C,R18,Top,1of2,External,Taes,d,c
2672_W6537_C_R18_1of2_Taes_1x1_l_c,2672,Nikon,1x,1,W6537,C,R18,Top,1of2,External,Taes,l,c
2674_W6537_C_R18_2of2_Taes_1x1_d_c,2674,Nikon,1x,1,W6537,C,R18,Top,2of2,External,Taes,d,c
2675_W6537_C_R18_2of2_Taes_1x1_l_c,2675,Nikon,1x,1,W6537,C,R18,Top,2of2,External,Taes,l,c
2677_W1022_A_R1_1of4_Tturg_1x1_d_c,2677,Nikon,1x,1,W1022,A,R1,Base,1of4,External,Tturg,d,c
2678_W1022_A_R1_1of4_Tturg_1x1_l_c,2678,Nikon,1x,1,W1022,A,R1,Base,1of4,External,Tturg,l,c
2680_W1022_A_R1_2of4_Tturg_1x1_d_c,2680,Nikon,1x,1,W1022,A,R1,Base,2of4,Internal,Tturg,d,c
2681_W1022_A_R1_2of4_Tturg_1x1_l_c,2681,Nikon,1x,1,W1022,A,R1,Base,2of4,Internal,Tturg,l,c
2683_W1022_A_R1_3of4_Tturg_1x1_d_c,2683,Nikon,1x,1,W1022,A,R1,Base,3of4,Internal,Tturg,d,c
2684_W1022_A_R1_3of4_Tturg_1x1_l_c,2684,Nikon,1x,1,W1022,A,R1,Base,3of4,Internal,Tturg,l,c
2686_W1022_A_R11_1of4_Tturg_1x1_d_c,2686,Nikon,1x,1,W1022,A,R11,Mid,1of4,External,Tturg,d,c
2687_W1022_A_R11_1of4_Tturg_1x1_l_c,2687,Nikon,1x,1,W1022,A,R11,Mid,1of4,External,Tturg,l,c
2689_W1022_A_R11_2of4_Tturg_1x1_d_c,2689,Nikon,1x,1,W1022,A,R11,Mid,2of4,Internal,Tturg,d,c
2690_W1022_A_R11_2of4_Tturg_1x1_l_c,2690,Nikon,1x,1,W1022,A,R11,Mid,2of4,Internal,Tturg,l,c
2692_W1022_A_R11_3of4_Tturg_1x1_d_c,2692,Nikon,1x,1,W1022,A,R11,Mid,3of4,Internal,Tturg,d,c
2693_W1022_A_R11_3of4_Tturg_1x1_l_c,2693,Nikon,1x,1,W1022,A,R11,Mid,3of4,Internal,Tturg,l,c
2695_W1022_A_R18_3of3_Tturg_1x1_d_c,2695,Nikon,1x,1,W1022,A,R18,Top,3of3,External,Tturg,d,c
2696_W1022_A_R18_3of3_Tturg_1x1_l_c,2696,Nikon,1x,1,W1022,A,R18,Top,3of3,External,Tturg,l,c
2698_W1022_A_R19_1of2_Tturg_1x1_d_c,2698,Nikon,1x,1,W1022,A,R19,Top,1of2,External,Tturg,d,c
2699_W1022_A_R19_1of2_Tturg_1x1_l_c,2699,Nikon,1x,1,W1022,A,R19,Top,1of2,External,Tturg,l,c
2701_W1022_A_R19_2of2_Tturg_1x1_d_c,2701,Nikon,1x,1,W1022,A,R19,Top,2of2,External,Tturg,d,c
2702_W1022_A_R19_2of2_Tturg_1x1_l_c,2702,Nikon,1x,1,W1022,A,R19,Top,2of2,External,Tturg,l,c
2704_W1022_B_R1_2of4_Tturg_1x1_d_c,2704,Nikon,1x,1,W1022,B,R1,Base,2of4,Internal,Tturg,d,c
2705_W1022_B_R1_2of4_Tturg_1x1_l_c,2705,Nikon,1x,1,W1022,B,R1,Base,2of4,Internal,Tturg,l,c
2707_W1022_B_R1_3of4_Tturg_1x1_d_c,2707,Nikon,1x,1,W1022,B,R1,Base,3of4,Internal,Tturg,d,c
2708_W1022_B_R1_3of4_Tturg_1x1_l_c,2708,Nikon,1x,1,W1022,B,R1,Base,3of4,Internal,Tturg,l,c
2710_W1022_B_R1_4of4_Tturg_1x1_d_c,2710,Nikon,1x,1,W1022,B,R1,Base,4of4,External,Tturg,d,c
2711_W1022_B_R1_4of4_Tturg_1x1_l_c,2711,Nikon,1x,1,W1022,B,R1,Base,4of4,External,Tturg,l,c
2713_W1022_B_R12_1of3_Tturg_1x1_d_c,2713,Nikon,1x,1,W1022,B,R12,Mid,1of3,External,Tturg,d,c
2714_W1022_B_R12_1of3_Tturg_1x1_l_c,2714,Nikon,1x,1,W1022,B,R12,Mid,1of3,External,Tturg,l,c
2716_W1022_B_R12_2of3_Tturg_1x1_d_c,2716,Nikon,1x,1,W1022,B,R12,Mid,2of3,Internal,Tturg,d,c
2717_W1022_B_R12_2of3_Tturg_1x1_l_c,2717,Nikon,1x,1,W1022,B,R12,Mid,2of3,Internal,Tturg,l,c
2719_W1022_B_R12_3of3_Tturg_1x1_d_c,2719,Nikon,1x,1,W1022,B,R12,Mid,3of3,External,Tturg,d,c
2720_W1022_B_R12_3of3_Tturg_1x1_l_c,2720,Nikon,1x,1,W1022,B,R12,Mid,3of3,External,Tturg,l,c
2722_W1022_B_R23_1of2_Tturg_1x1_d_c,2722,Nikon,1x,1,W1022,B,R23,Top,1of2,External,Tturg,d,c
2723_W1022_B_R23_1of2_Tturg_1x1_l_c,2723,Nikon,1x,1,W1022,B,R23,Top,1of2,External,Tturg,l,c
2725_W1022_B_R24_1of2_Tturg_1x1_d_c,2725,Nikon,1x,1,W1022,B,R24,Top,1of2,External,Tturg,d,c
2726_W1022_B_R24_1of2_Tturg_1x1_l_c,2726,Nikon,1x,1,W1022,B,R24,Top,1of2,External,Tturg,l,c
2728_W1022_B_R24_2of2_Tturg_1x1_d_c,2728,Nikon,1x,1,W1022,B,R24,Top,2of2,External,Tturg,d,c
2729_W1022_B_R24_2of2_Tturg_1x1_l_c,2729,Nikon,1x,1,W1022,B,R24,Top,2of2,External,Tturg,l,c
2731_W1022_C_R1_2of3_Tturg_1x1_d_c,2731,Nikon,1x,1,W1022,C,R1,Base,2of3,Internal,Tturg,d,c
2732_W1022_C_R1_2of3_Tturg_1x1_l_c,2732,Nikon,1x,1,W1022,C,R1,Base,2of3,Internal,Tturg,l,c
2734_W1022_C_R1_3of3_Tturg_1x1_d_c,2734,Nikon,1x,1,W1022,C,R1,Base,3of3,External,Tturg,d,c
2735_W1022_C_R1_3of3_Tturg_1x1_l_c,2735,Nikon,1x,1,W1022,C,R1,Base,3of3,External,Tturg,l,c
2737_W1022_C_R2_1of4_Tturg_1x1_d_c,2737,Nikon,1x,1,W1022,C,R2,Base,1of4,External,Tturg,d,c
2738_W1022_C_R2_1of4_Tturg_1x1_l_c,2738,Nikon,1x,1,W1022,C,R2,Base,1of4,External,Tturg,l,c
2740_W1022_C_R12_3of5_Tturg_1x1_d_c,2740,Nikon,1x,1,W1022,C,R12,Mid,3of5,Internal,Tturg,d,c
2741_W1022_C_R12_3of5_Tturg_1x1_l_c,2741,Nikon,1x,1,W1022,C,R12,Mid,3of5,Internal,Tturg,l,c
2743_W1022_C_R12_4of5_Tturg_1x1_d_c,2743,Nikon,1x,1,W1022,C,R12,Mid,4of5,Internal,Tturg,d,c
2744_W1022_C_R12_4of5_Tturg_1x1_l_c,2744,Nikon,1x,1,W1022,C,R12,Mid,4of5,Internal,Tturg,l,c
2746_W1022_C_R12_5of5_Tturg_1x1_d_c,2746,Nikon,1x,1,W1022,C,R12,Mid,5of5,External,Tturg,d,c
2747_W1022_C_R12_5of5_Tturg_1x1_l_c,2747,Nikon,1x,1,W1022,C,R12,Mid,5of5,External,Tturg,l,c
2749_W1022_C_R20_3of3_Tturg_1x1_d_c,2749,Nikon,1x,1,W1022,C,R20,Top,3of3,External,Tturg,d,c
2750_W1022_C_R20_3of3_Tturg_1x1_l_c,2750,Nikon,1x,1,W1022,C,R20,Top,3of3,External,Tturg,l,c
2752_W1022_C_R21_1of1_Tturg_1x1_d_c,2752,Nikon,1x,1,W1022,C,R21,Top,1of1,Solo,Tturg,d,c
2753_W1022_C_R21_1of1_Tturg_1x1_l_c,2753,Nikon,1x,1,W1022,C,R21,Top,1of1,Solo,Tturg,l,c
2755_W1022_C_R22_1of1_Tturg_1x1_d_c,2755,Nikon,1x,1,W1022,C,R22,Top,1of1,Solo,Tturg,d,c
2756_W1022_C_R22_1of1_Tturg_1x1_l_c,2756,Nikon,1x,1,W1022,C,R22,Top,1of1,Solo,Tturg,l,c
3136_PI362637_A_R1_2of2_Tdur_1x1_d_c,3136,Nikon,1x,1,PI362637,A,R1,Base,2of2,External,Tdur,d,c
3137_PI362637_A_R1_2of2_Tdur_1x1_l_c,3137,Nikon,1x,1,PI362637,A,R1,Base,2of2,External,Tdur,l,c
3139_PI362637_A_R2_1of3_Tdur_1x1_d_c,3139,Nikon,1x,1,PI362637,A,R2,Base,1of3,External,Tdur,d,c
3140_PI362637_A_R2_1of3_Tdur_1x1_l_c,3140,Nikon,1x,1,PI362637,A,R2,Base,1of3,External,Tdur,l,c
3142_PI362637_A_R2_2of3_Tdur_1x1_d_c,3142,Nikon,1x,1,PI362637,A,R2,Base,2of3,Internal,Tdur,d,c
3143_PI362637_A_R2_2of3_Tdur_1x1_l_c,3143,Nikon,1x,1,PI362637,A,R2,Base,2of3,Internal,Tdur,l,c
3145_PI362637_A_R10_1of4_Tdur_1x1_d_c,3145,Nikon,1x,1,PI362637,A,R10,Mid,1of4,External,Tdur,d,c
3146_PI362637_A_R10_1of4_Tdur_1x1_l_c,3146,Nikon,1x,1,PI362637,A,R10,Mid,1of4,External,Tdur,l,c
3148_PI362637_A_R10_2of4_Tdur_1x1_d_c,3148,Nikon,1x,1,PI362637,A,R10,Mid,2of4,Internal,Tdur,d,c
3149_PI362637_A_R10_2of4_Tdur_1x1_l_c,3149,Nikon,1x,1,PI362637,A,R10,Mid,2of4,Internal,Tdur,l,c
3151_PI362637_A_R10_4of4_Tdur_1x1_d_c,3151,Nikon,1x,1,PI362637,A,R10,Mid,4of4,External,Tdur,d,c
3152_PI362637_A_R10_4of4_Tdur_1x1_l_c,3152,Nikon,1x,1,PI362637,A,R10,Mid,4of4,External,Tdur,l,c
3154_PI362637_A_R19_1of1_Tdur_1x1_d_c,3154,Nikon,1x,1,PI362637,A,R19,Top,1of1,Solo,Tdur,d,c
3155_PI362637_A_R19_1of1_Tdur_1x1_l_c,3155,Nikon,1x,1,PI362637,A,R19,Top,1of1,Solo,Tdur,l,c
3157_PI362637_A_R20_1of2_Tdur_1x1_d_c,3157,Nikon,1x,1,PI362637,A,R20,Top,1of2,External,Tdur,d,c
3158_PI362637_A_R20_1of2_Tdur_1x1_l_c,3158,Nikon,1x,1,PI362637,A,R20,Top,1of2,External,Tdur,l,c
3160_PI362637_A_R20_2of2_Tdur_1x1_d_c,3160,Nikon,1x,1,PI362637,A,R20,Top,2of2,External,Tdur,d,c
3161_PI362637_A_R20_2of2_Tdur_1x1_l_c,3161,Nikon,1x,1,PI362637,A,R20,Top,2of2,External,Tdur,l,c
3163_PI362637_B_R1_1of2_Tdur_1x1_d_c,3163,Nikon,1x,1,PI362637,B,R1,Base,1of2,External,Tdur,d,c
3164_PI362637_B_R1_1of2_Tdur_1x1_l_c,3164,Nikon,1x,1,PI362637,B,R1,Base,1of2,External,Tdur,l,c
3166_PI362637_B_R1_2of2_Tdur_1x1_d_c,3166,Nikon,1x,1,PI362637,B,R1,Base,2of2,External,Tdur,d,c
3167_PI362637_B_R1_2of2_Tdur_1x1_l_c,3167,Nikon,1x,1,PI362637,B,R1,Base,2of2,External,Tdur,l,c
3169_PI362637_B_R2_1of3_Tdur_1x1_d_c,3169,Nikon,1x,1,PI362637,B,R2,Base,1of3,External,Tdur,d,c
3170_PI362637_B_R2_1of3_Tdur_1x1_l_c,3170,Nikon,1x,1,PI362637,B,R2,Base,1of3,External,Tdur,l,c
3172_PI362637_B_R10_1of4_Tdur_1x1_d_c,3172,Nikon,1x,1,PI362637,B,R10,Mid,1of4,External,Tdur,d,c
3173_PI362637_B_R10_1of4_Tdur_1x1_l_c,3173,Nikon,1x,1,PI362637,B,R10,Mid,1of4,External,Tdur,l,c
3175_PI362637_B_R10_2of4_Tdur_1x1_d_c,3175,Nikon,1x,1,PI362637,B,R10,Mid,2of4,Internal,Tdur,d,c
3176_PI362637_B_R10_2of4_Tdur_1x1_l_c,3176,Nikon,1x,1,PI362637,B,R10,Mid,2of4,Internal,Tdur,l,c
3178_PI362637_B_R10_3of4_Tdur_1x1_d_c,3178,Nikon,1x,1,PI362637,B,R10,Mid,3of4,Internal,Tdur,d,c
3179_PI362637_B_R10_3of4_Tdur_1x1_l_c,3179,Nikon,1x,1,PI362637,B,R10,Mid,3of4,Internal,Tdur,l,c
3187_PI362637_B_R19_2of2_Tdur_1x1_d_c,3187,Nikon,1x,1,PI362637,B,R19,Top,2of2,External,Tdur,d,c
3188_PI362637_B_R19_2of2_Tdur_1x1_l_c,3188,Nikon,1x,1,PI362637,B,R19,Top,2of2,External,Tdur,l,c
3190_PI362637_C_R1_1of2_Tdur_1x1_d_c,3190,Nikon,1x,1,PI362637,C,R1,Base,1of2,External,Tdur,d,c
3191_PI362637_C_R1_1of2_Tdur_1x1_l_c,3191,Nikon,1x,1,PI362637,C,R1,Base,1of2,External,Tdur,l,c
3193_PI362637_C_R1_2of2_Tdur_1x1_d_c,3193,Nikon,1x,1,PI362637,C,R1,Base,2of2,External,Tdur,d,c
3194_PI362637_C_R1_2of2_Tdur_1x1_l_c,3194,Nikon,1x,1,PI362637,C,R1,Base,2of2,External,Tdur,l,c
3196_PI362637_C_R2_2of3_Tdur_1x1_d_c,3196,Nikon,1x,1,PI362637,C,R2,Base,2of3,Internal,Tdur,d,c
3197_PI362637_C_R2_2of3_Tdur_1x1_l_c,3197,Nikon,1x,1,PI362637,C,R2,Base,2of3,Internal,Tdur,l,c
3199_PI362637_C_R12_1of3_Tdur_1x1_d_c,3199,Nikon,1x,1,PI362637,C,R12,Mid,1of3,External,Tdur,d,c
3200_PI362637_C_R12_1of3_Tdur_1x1_l_c,3200,Nikon,1x,1,PI362637,C,R12,Mid,1of3,External,Tdur,l,c
3202_PI362637_C_R12_2of3_Tdur_1x1_d_c,3202,Nikon,1x,1,PI362637,C,R12,Mid,2of3,Internal,Tdur,d,c
3203_PI362637_C_R12_2of3_Tdur_1x1_l_c,3203,Nikon,1x,1,PI362637,C,R12,Mid,2of3,Internal,Tdur,l,c
3205_PI362637_C_R12_3of3_Tdur_1x1_d_c,3205,Nikon,1x,1,PI362637,C,R12,Mid,3of3,External,Tdur,d,c
3206_PI362637_C_R12_3of3_Tdur_1x1_l_c,3206,Nikon,1x,1,PI362637,C,R12,Mid,3of3,External,Tdur,l,c
3208_PI362637_C_R20_1of2_Tdur_1x1_d_c,3208,Nikon,1x,1,PI362637,C,R20,Top,1of2,External,Tdur,d,c
3209_PI362637_C_R20_1of2_Tdur_1x1_l_c,3209,Nikon,1x,1,PI362637,C,R20,Top,1of2,External,Tdur,l,c
3211_PI362637_C_R21_1of2_Tdur_1x1_d_c,3211,Nikon,1x,1,PI362637,C,R21,Top,1of2,External,Tdur,d,c
3212_PI362637_C_R21_1of2_Tdur_1x1_l_c,3212,Nikon,1x,1,PI362637,C,R21,Top,1of2,External,Tdur,l,c
3214_PI362637_C_R21_2of2_Tdur_1x1_d_c,3214,Nikon,1x,1,PI362637,C,R21,Top,2of2,External,Tdur,d,c
3215_PI362637_C_R21_2of2_Tdur_1x1_l_c,3215,Nikon,1x,1,PI362637,C,R21,Top,2of2,External,Tdur,l,c
3632_W0508_A_R1_1of2_Tturg_1x1_d_c,3632,Nikon,1x,1,W0508,A,R1,Base,1of2,External,Tturg,d,c
3633_W0508_A_R1_1of2_Tturg_1x1_l_c,3633,Nikon,1x,1,W0508,A,R1,Base,1of2,External,Tturg,l,c
3635_W0508_A_R1_2of2_Tturg_1x1_d_c,3635,Nikon,1x,1,W0508,A,R1,Base,2of2,External,Tturg,d,c
3636_W0508_A_R1_2of2_Tturg_1x1_l_c,3636,Nikon,1x,1,W0508,A,R1,Base,2of2,External,Tturg,l,c
3638_W0508_A_R2_1of2_Tturg_1x1_d_c,3638,Nikon,1x,1,W0508,A,R2,Base,1of2,External,Tturg,d,c
3639_W0508_A_R2_1of2_Tturg_1x1_l_c,3639,Nikon,1x,1,W0508,A,R2,Base,1of2,External,Tturg,l,c
3641_W0508_A_R12_1of3_Tturg_1x1_d_c,3641,Nikon,1x,1,W0508,A,R12,Mid,1of3,External,Tturg,d,c
3642_W0508_A_R12_1of3_Tturg_1x1_l_c,3642,Nikon,1x,1,W0508,A,R12,Mid,1of3,External,Tturg,l,c
3644_W0508_A_R12_2of3_Tturg_1x1_d_c,3644,Nikon,1x,1,W0508,A,R12,Mid,2of3,Internal,Tturg,d,c
3645_W0508_A_R12_2of3_Tturg_1x1_l_c,3645,Nikon,1x,1,W0508,A,R12,Mid,2of3,Internal,Tturg,l,c
3647_W0508_A_R12_3of3_Tturg_1x1_d_c,3647,Nikon,1x,1,W0508,A,R12,Mid,3of3,External,Tturg,d,c
3648_W0508_A_R12_3of3_Tturg_1x1_l_c,3648,Nikon,1x,1,W0508,A,R12,Mid,3of3,External,Tturg,l,c
3650_W0508_A_R23_1of2_Tturg_1x1_d_c,3650,Nikon,1x,1,W0508,A,R23,Top,1of2,External,Tturg,d,c
3651_W0508_A_R23_1of2_Tturg_1x1_l_c,3651,Nikon,1x,1,W0508,A,R23,Top,1of2,External,Tturg,l,c
3653_W0508_A_R24_1of2_Tturg_1x1_d_c,3653,Nikon,1x,1,W0508,A,R24,Top,1of2,External,Tturg,d,c
3654_W0508_A_R24_1of2_Tturg_1x1_l_c,3654,Nikon,1x,1,W0508,A,R24,Top,1of2,External,Tturg,l,c
3656_W0508_A_R24_2of2_Tturg_1x1_d_c,3656,Nikon,1x,1,W0508,A,R24,Top,2of2,External,Tturg,d,c
3657_W0508_A_R24_2of2_Tturg_1x1_l_c,3657,Nikon,1x,1,W0508,A,R24,Top,2of2,External,Tturg,l,c
3659_W0508_B_R1_1of3_Tturg_1x1_d_c,3659,Nikon,1x,1,W0508,B,R1,Base,1of3,External,Tturg,d,c
3660_W0508_B_R1_1of3_Tturg_1x1_l_c,3660,Nikon,1x,1,W0508,B,R1,Base,1of3,External,Tturg,l,c
3662_W0508_B_R1_2of3_Tturg_1x1_d_c,3662,Nikon,1x,1,W0508,B,R1,Base,2of3,Internal,Tturg,d,c
3663_W0508_B_R1_2of3_Tturg_1x1_l_c,3663,Nikon,1x,1,W0508,B,R1,Base,2of3,Internal,Tturg,l,c
3665_W0508_B_R1_3of3_Tturg_1x1_d_c,3665,Nikon,1x,1,W0508,B,R1,Base,3of3,External,Tturg,d,c
3666_W0508_B_R1_3of3_Tturg_1x1_l_c,3666,Nikon,1x,1,W0508,B,R1,Base,3of3,External,Tturg,l,c
3668_W0508_B_R12_1of3_Tturg_1x1_d_c,3668,Nikon,1x,1,W0508,B,R12,Mid,1of3,External,Tturg,d,c
3669_W0508_B_R12_1of3_Tturg_1x1_l_c,3669,Nikon,1x,1,W0508,B,R12,Mid,1of3,External,Tturg,l,c
3671_W0508_B_R12_2of3_Tturg_1x1_d_c,3671,Nikon,1x,1,W0508,B,R12,Mid,2of3,Internal,Tturg,d,c
3672_W0508_B_R12_2of3_Tturg_1x1_l_c,3672,Nikon,1x,1,W0508,B,R12,Mid,2of3,Internal,Tturg,l,c
3674_W0508_B_R12_3of3_Tturg_1x1_d_c,3674,Nikon,1x,1,W0508,B,R12,Mid,3of3,External,Tturg,d,c
3675_W0508_B_R12_3of3_Tturg_1x1_l_c,3675,Nikon,1x,1,W0508,B,R12,Mid,3of3,External,Tturg,l,c
3677_W0508_B_R22_1of2_Tturg_1x1_d_c,3677,Nikon,1x,1,W0508,B,R22,Top,1of2,External,Tturg,d,c
3678_W0508_B_R22_1of2_Tturg_1x1_l_c,3678,Nikon,1x,1,W0508,B,R22,Top,1of2,External,Tturg,l,c
3680_W0508_B_R22_2of2_Tturg_1x1_d_c,3680,Nikon,1x,1,W0508,B,R22,Top,2of2,External,Tturg,d,c
3681_W0508_B_R22_2of2_Tturg_1x1_l_c,3681,Nikon,1x,1,W0508,B,R22,Top,2of2,External,Tturg,l,c
3683_W0508_B_R23_1of1_Tturg_1x1_d_c,3683,Nikon,1x,1,W0508,B,R23,Top,1of1,Solo,Tturg,d,c
3684_W0508_B_R23_1of1_Tturg_1x1_l_c,3684,Nikon,1x,1,W0508,B,R23,Top,1of1,Solo,Tturg,l,c
3686_W0508_C_R1_1of3_Tturg_1x1_d_c,3686,Nikon,1x,1,W0508,C,R1,Base,1of3,External,Tturg,d,c
3687_W0508_C_R1_1of3_Tturg_1x1_l_c,3687,Nikon,1x,1,W0508,C,R1,Base,1of3,External,Tturg,l,c
3689_W0508_C_R1_2of3_Tturg_1x1_d_c,3689,Nikon,1x,1,W0508,C,R1,Base,2of3,Internal,Tturg,d,c
3690_W0508_C_R1_2of3_Tturg_1x1_l_c,3690,Nikon,1x,1,W0508,C,R1,Base,2of3,Internal,Tturg,l,c
3692_W0508_C_R1_3of3_Tturg_1x1_d_c,3692,Nikon,1x,1,W0508,C,R1,Base,3of3,External,Tturg,d,c
3693_W0508_C_R1_3of3_Tturg_1x1_l_c,3693,Nikon,1x,1,W0508,C,R1,Base,3of3,External,Tturg,l,c
3695_W0508_C_R14_1of3_Tturg_1x1_d_c,3695,Nikon,1x,1,W0508,C,R14,Mid,1of3,External,Tturg,d,c
3696_W0508_C_R14_1of3_Tturg_1x1_l_c,3696,Nikon,1x,1,W0508,C,R14,Mid,1of3,External,Tturg,l,c
3698_W0508_C_R14_2of3_Tturg_1x1_d_d,3698,Nikon,1x,1,W0508,C,R14,Mid,2of3,Internal,Tturg,d,d
3699_W0508_C_R14_2of3_Tturg_1x1_l_c,3699,Nikon,1x,1,W0508,C,R14,Mid,2of3,Internal,Tturg,l,c
3701_W0508_C_R14_3of3_Tturg_1x1_d_c,3701,Nikon,1x,1,W0508,C,R14,Mid,3of3,External,Tturg,d,c
3702_W0508_C_R14_3of3_Tturg_1x1_l_c,3702,Nikon,1x,1,W0508,C,R14,Mid,3of3,External,Tturg,l,c
3704_W0508_C_R26_1of2_Tturg_1x1_d_c,3704,Nikon,1x,1,W0508,C,R26,Top,1of2,External,Tturg,d,c
3705_W0508_C_R26_1of2_Tturg_1x1_l_c,3705,Nikon,1x,1,W0508,C,R26,Top,1of2,External,Tturg,l,c
3707_W0508_C_R26_2of2_Tturg_1x1_d_c,3707,Nikon,1x,1,W0508,C,R26,Top,2of2,External,Tturg,d,c
3708_W0508_C_R26_2of2_Tturg_1x1_l_c,3708,Nikon,1x,1,W0508,C,R26,Top,2of2,External,Tturg,l,c
3710_W0508_C_R27_1of2_Tturg_1x1_d_c,3710,Nikon,1x,1,W0508,C,R27,Top,1of2,External,Tturg,d,c
3711_W0508_C_R27_1of2_Tturg_1x1_l_c,3711,Nikon,1x,1,W0508,C,R27,Top,1of2,External,Tturg,l,c
3713_PI362637_B_R18_1of3_Tdur_1x1_d_c,3713,Nikon,1x,1,PI362637,B,R18,Top,1of3,External,Tdur,d,c
3714_PI362637_B_R18_1of3_Tdur_1x1_l_c,3714,Nikon,1x,1,PI362637,B,R18,Top,1of3,External,Tdur,l,c
3716_PI362637_B_R18_3of3_Tdur_1x1_d_c,3716,Nikon,1x,1,PI362637,B,R18,Top,3of3,External,Tdur,d,c
3717_PI362637_B_R18_3of3_Tdur_1x1_l_c,3717,Nikon,1x,1,PI362637,B,R18,Top,3of3,External,Tdur,l,c
3800_W8612_A_R2_2of5_Tdur_1x1_d_c,3800,Nikon,1x,1,W8612,A,R2,Base,2of5,Internal,Tdur,d,c
3801_W8612_A_R2_2of5_Tdur_1x1_l_c,3801,Nikon,1x,1,W8612,A,R2,Base,2of5,Internal,Tdur,l,c
3803_W8612_A_R2_3of5_Tdur_1x1_d_c,3803,Nikon,1x,1,W8612,A,R2,Base,3of5,Internal,Tdur,d,c
3804_W8612_A_R2_3of5_Tdur_1x1_l_c,3804,Nikon,1x,1,W8612,A,R2,Base,3of5,Internal,Tdur,l,c
3806_W8612_A_R2_5of5_Tdur_1x1_d_c,3806,Nikon,1x,1,W8612,A,R2,Base,5of5,External,Tdur,d,c
3807_W8612_A_R2_5of5_Tdur_1x1_l_c,3807,Nikon,1x,1,W8612,A,R2,Base,5of5,External,Tdur,l,c
3809_W8612_A_R12_1of3_Tdur_1x1_d_c,3809,Nikon,1x,1,W8612,A,R12,Mid,1of3,External,Tdur,d,c
3810_W8612_A_R12_1of3_Tdur_1x1_l_c,3810,Nikon,1x,1,W8612,A,R12,Mid,1of3,External,Tdur,l,c
3812_W8612_A_R12_2of3_Tdur_1x1_d_c,3812,Nikon,1x,1,W8612,A,R12,Mid,2of3,Internal,Tdur,d,c
3813_W8612_A_R12_2of3_Tdur_1x1_l_c,3813,Nikon,1x,1,W8612,A,R12,Mid,2of3,Internal,Tdur,l,c
3815_W8612_A_R12_3of3_Tdur_1x1_d_c,3815,Nikon,1x,1,W8612,A,R12,Mid,3of3,External,Tdur,d,c
3816_W8612_A_R12_3of3_Tdur_1x1_l_c,3816,Nikon,1x,1,W8612,A,R12,Mid,3of3,External,Tdur,l,c
3818_W8612_A_R19_1of2_Tdur_1x1_d_c,3818,Nikon,1x,1,W8612,A,R19,Top,1of2,External,Tdur,d,c
3819_W8612_A_R19_1of2_Tdur_1x1_l_c,3819,Nikon,1x,1,W8612,A,R19,Top,1of2,External,Tdur,l,c
3821_W8612_A_R20_1of2_Tdur_1x1_d_c,3821,Nikon,1x,1,W8612,A,R20,Top,1of2,External,Tdur,d,c
3822_W8612_A_R20_1of2_Tdur_1x1_l_c,3822,Nikon,1x,1,W8612,A,R20,Top,1of2,External,Tdur,l,c
3824_W8612_A_R20_2of2_Tdur_1x1_d_c,3824,Nikon,1x,1,W8612,A,R20,Top,2of2,External,Tdur,d,c
3825_W8612_A_R20_2of2_Tdur_1x1_l_c,3825,Nikon,1x,1,W8612,A,R20,Top,2of2,External,Tdur,l,c
3827_W8612_B_R1_1of3_Tdur_1x1_d_c,3827,Nikon,1x,1,W8612,B,R1,Base,1of3,External,Tdur,d,c
3828_W8612_B_R1_1of3_Tdur_1x1_l_c,3828,Nikon,1x,1,W8612,B,R1,Base,1of3,External,Tdur,l,c
3830_W8612_B_R1_2of3_Tdur_1x1_d_c,3830,Nikon,1x,1,W8612,B,R1,Base,2of3,Internal,Tdur,d,c
3831_W8612_B_R1_2of3_Tdur_1x1_l_c,3831,Nikon,1x,1,W8612,B,R1,Base,2of3,Internal,Tdur,l,c
3833_W8612_B_R1_3of3_Tdur_1x1_d_c,3833,Nikon,1x,1,W8612,B,R1,Base,3of3,External,Tdur,d,c
3834_W8612_B_R1_3of3_Tdur_1x1_l_c,3834,Nikon,1x,1,W8612,B,R1,Base,3of3,External,Tdur,l,c
3836_W8612_B_R6_2of5_Tdur_1x1_d_c,3836,Nikon,1x,1,W8612,B,R6,Mid,2of5,Internal,Tdur,d,c
3837_W8612_B_R6_2of5_Tdur_1x1_l_c,3837,Nikon,1x,1,W8612,B,R6,Mid,2of5,Internal,Tdur,l,c
3839_W8612_B_R6_3of5_Tdur_1x1_d_c,3839,Nikon,1x,1,W8612,B,R6,Mid,3of5,Internal,Tdur,d,c
3840_W8612_B_R6_3of5_Tdur_1x1_l_c,3840,Nikon,1x,1,W8612,B,R6,Mid,3of5,Internal,Tdur,l,c
3842_W8612_B_R6_5of5_Tdur_1x1_d_c,3842,Nikon,1x,1,W8612,B,R6,Mid,5of5,External,Tdur,d,c
3843_W8612_B_R6_5of5_Tdur_1x1_l_c,3843,Nikon,1x,1,W8612,B,R6,Mid,5of5,External,Tdur,l,c
3845_W8612_B_R12_1of3_Tdur_1x1_d_c,3845,Nikon,1x,1,W8612,B,R12,Top,1of3,External,Tdur,d,c
3846_W8612_B_R12_1of3_Tdur_1x1_l_c,3846,Nikon,1x,1,W8612,B,R12,Top,1of3,External,Tdur,l,c
3848_W8612_B_R12_2of3_Tdur_1x1_d_c,3848,Nikon,1x,1,W8612,B,R12,Top,2of3,Internal,Tdur,d,c
3849_W8612_B_R12_2of3_Tdur_1x1_l_c,3849,Nikon,1x,1,W8612,B,R12,Top,2of3,Internal,Tdur,l,c
3851_W8612_B_R12_3of3_Tdur_1x1_d_c,3851,Nikon,1x,1,W8612,B,R12,Top,3of3,External,Tdur,d,c
3852_W8612_B_R12_3of3_Tdur_1x1_l_c,3852,Nikon,1x,1,W8612,B,R12,Top,3of3,External,Tdur,l,c
3854_W8612_C_R2_1of4_Tdur_1x1_d_c,3854,Nikon,1x,1,W8612,C,R2,Base,1of4,External,Tdur,d,c
3855_W8612_C_R2_1of4_Tdur_1x1_l_c,3855,Nikon,1x,1,W8612,C,R2,Base,1of4,External,Tdur,l,c
3857_W8612_C_R2_2of4_Tdur_1x1_d_c,3857,Nikon,1x,1,W8612,C,R2,Base,2of4,Internal,Tdur,d,c
3858_W8612_C_R2_2of4_Tdur_1x1_l_c,3858,Nikon,1x,1,W8612,C,R2,Base,2of4,Internal,Tdur,l,c
3860_W8612_C_R2_3of4_Tdur_1x1_d_c,3860,Nikon,1x,1,W8612,C,R2,Base,3of4,Internal,Tdur,d,c
3861_W8612_C_R2_3of4_Tdur_1x1_l_c,3861,Nikon,1x,1,W8612,C,R2,Base,3of4,Internal,Tdur,l,c
3863_W8612_C_R11_2of4_Tdur_1x1_d_c,3863,Nikon,1x,1,W8612,C,R11,Mid,2of4,Internal,Tdur,d,c
3864_W8612_C_R11_2of4_Tdur_1x1_l_c,3864,Nikon,1x,1,W8612,C,R11,Mid,2of4,Internal,Tdur,l,c
3866_W8612_C_R11_3of4_Tdur_1x1_d_c,3866,Nikon,1x,1,W8612,C,R11,Mid,3of4,Internal,Tdur,d,c
3867_W8612_C_R11_3of4_Tdur_1x1_l_c,3867,Nikon,1x,1,W8612,C,R11,Mid,3of4,Internal,Tdur,l,c
3869_W8612_C_R11_4of4_Tdur_1x1_d_c,3869,Nikon,1x,1,W8612,C,R11,Mid,4of4,External,Tdur,d,c
3870_W8612_C_R11_4of4_Tdur_1x1_l_c,3870,Nikon,1x,1,W8612,C,R11,Mid,4of4,External,Tdur,l,c
3872_W8612_C_R22_1of3_Tdur_1x1_d_c,3872,Nikon,1x,1,W8612,C,R22,Top,1of3,External,Tdur,d,c
3873_W8612_C_R22_1of3_Tdur_1x1_l_c,3873,Nikon,1x,1,W8612,C,R22,Top,1of3,External,Tdur,l,c
3875_W8612_C_R22_2of3_Tdur_1x1_d_c,3875,Nikon,1x,1,W8612,C,R22,Top,2of3,Internal,Tdur,d,c
3876_W8612_C_R22_2of3_Tdur_1x1_l_c,3876,Nikon,1x,1,W8612,C,R22,Top,2of3,Internal,Tdur,l,c
3878_W8612_C_R22_3of3_Tdur_1x1_d_c,3878,Nikon,1x,1,W8612,C,R22,Top,3of3,External,Tdur,d,c
3879_W8612_C_R22_3of3_Tdur_1x1_l_c,3879,Nikon,1x,1,W8612,C,R22,Top,3of3,External,Tdur,l,c
3881_T1200012_A_R1_1of2_Tcom_1x1_d_c,3881,Nikon,1x,1,T1200012,A,R1,Base,1of2,External,Tcom,d,c
3882_T1200012_A_R1_1of2_Tcom_1x1_l_c,3882,Nikon,1x,1,T1200012,A,R1,Base,1of2,External,Tcom,l,c
3884_T1200012_A_R1_2of2_Tcom_1x1_d_c,3884,Nikon,1x,1,T1200012,A,R1,Base,2of2,External,Tcom,d,c
3885_T1200012_A_R1_2of2_Tcom_1x1_l_c,3885,Nikon,1x,1,T1200012,A,R1,Base,2of2,External,Tcom,l,c
3887_T1200012_A_R2_2of3_Tcom_1x1_d_c,3887,Nikon,1x,1,T1200012,A,R2,Base,2of3,Internal,Tcom,d,c
3888_T1200012_A_R2_2of3_Tcom_1x1_l_c,3888,Nikon,1x,1,T1200012,A,R2,Base,2of3,Internal,Tcom,l,c
3890_T1200012_A_R8_1of3_Tcom_1x1_d_c,3890,Nikon,1x,1,T1200012,A,R8,Mid,1of3,External,Tcom,d,c
3891_T1200012_A_R8_1of3_Tcom_1x1_l_c,3891,Nikon,1x,1,T1200012,A,R8,Mid,1of3,External,Tcom,l,c
3893_T1200012_A_R8_2of3_Tcom_1x1_d_c,3893,Nikon,1x,1,T1200012,A,R8,Mid,2of3,Internal,Tcom,d,c
3894_T1200012_A_R8_2of3_Tcom_1x1_l_c,3894,Nikon,1x,1,T1200012,A,R8,Mid,2of3,Internal,Tcom,l,c
3896_T1200012_A_R8_3of3_Tcom_1x1_d_c,3896,Nikon,1x,1,T1200012,A,R8,Mid,3of3,External,Tcom,d,c
3897_T1200012_A_R8_3of3_Tcom_1x1_l_c,3897,Nikon,1x,1,T1200012,A,R8,Mid,3of3,External,Tcom,l,c
3899_T1200012_A_R14_2of2_Tcom_1x1_d_c,3899,Nikon,1x,1,T1200012,A,R14,Top,2of2,External,Tcom,d,c
3900_T1200012_A_R14_2of2_Tcom_1x1_l_c,3900,Nikon,1x,1,T1200012,A,R14,Top,2of2,External,Tcom,l,c
3902_T1200012_A_R15_1of1_Tcom_1x1_d_c,3902,Nikon,1x,1,T1200012,A,R15,Top,1of1,Solo,Tcom,d,c
3903_T1200012_A_R15_1of1_Tcom_1x1_l_c,3903,Nikon,1x,1,T1200012,A,R15,Top,1of1,Solo,Tcom,l,c
3905_T1200012_A_R16_1of1_Tcom_1x1_d_c,3905,Nikon,1x,1,T1200012,A,R16,Top,1of1,Solo,Tcom,d,c
3906_T1200012_A_R16_1of1_Tcom_1x1_l_c,3906,Nikon,1x,1,T1200012,A,R16,Top,1of1,Solo,Tcom,l,c
3908_T1200012_B_R1_1of2_Tcom_1x1_d_c,3908,Nikon,1x,1,T1200012,B,R1,Base,1of2,External,Tcom,d,c
3909_T1200012_B_R1_1of2_Tcom_1x1_l_c,3909,Nikon,1x,1,T1200012,B,R1,Base,1of2,External,Tcom,l,c
3911_T1200012_B_R1_2of2_Tcom_1x1_d_c,3911,Nikon,1x,1,T1200012,B,R1,Base,2of2,External,Tcom,d,c
3912_T1200012_B_R1_2of2_Tcom_1x1_l_c,3912,Nikon,1x,1,T1200012,B,R1,Base,2of2,External,Tcom,l,c
3914_T1200012_B_R2_1of1_Tcom_1x1_d_c,3914,Nikon,1x,1,T1200012,B,R2,Base,1of1,Solo,Tcom,d,c
3915_T1200012_B_R2_1of1_Tcom_1x1_l_c,3915,Nikon,1x,1,T1200012,B,R2,Base,1of1,Solo,Tcom,l,c
3917_T1200012_B_R8_1of3_Tcom_1x1_d_c,3917,Nikon,1x,1,T1200012,B,R8,Mid,1of3,External,Tcom,d,c
3918_T1200012_B_R8_1of3_Tcom_1x1_l_c,3918,Nikon,1x,1,T1200012,B,R8,Mid,1of3,External,Tcom,l,c
3920_T1200012_B_R8_2of3_Tcom_1x1_d_c,3920,Nikon,1x,1,T1200012,B,R8,Mid,2of3,Internal,Tcom,d,c
3921_T1200012_B_R8_2of3_Tcom_1x1_l_c,3921,Nikon,1x,1,T1200012,B,R8,Mid,2of3,Internal,Tcom,l,c
3923_T1200012_B_R8_3of3_Tcom_1x1_d_c,3923,Nikon,1x,1,T1200012,B,R8,Mid,3of3,External,Tcom,d,c
3924_T1200012_B_R8_3of3_Tcom_1x1_l_c,3924,Nikon,1x,1,T1200012,B,R8,Mid,3of3,External,Tcom,l,c
3926_T1200012_B_R14_1of1_Tcom_1x1_d_c,3926,Nikon,1x,1,T1200012,B,R14,Top,1of1,Solo,Tcom,d,c
3927_T1200012_B_R14_1of1_Tcom_1x1_l_c,3927,Nikon,1x,1,T1200012,B,R14,Top,1of1,Solo,Tcom,l,c
3929_T1200012_B_R15_1of1_Tcom_1x1_d_c,3929,Nikon,1x,1,T1200012,B,R15,Top,1of1,Solo,Tcom,d,c
3930_T1200012_B_R15_1of1_Tcom_1x1_l_c,3930,Nikon,1x,1,T1200012,B,R15,Top,1of1,Solo,Tcom,l,c
3932_T1200012_B_R16_1of1_Tcom_1x1_d_c,3932,Nikon,1x,1,T1200012,B,R16,Top,1of1,Solo,Tcom,d,c
3933_T1200012_B_R16_1of1_Tcom_1x1_l_c,3933,Nikon,1x,1,T1200012,B,R16,Top,1of1,Solo,Tcom,l,c
3935_T1200012_C_R1_1of2_Tcom_1x1_d_c,3935,Nikon,1x,1,T1200012,C,R1,Base,1of2,External,Tcom,d,c
3936_T1200012_C_R1_1of2_Tcom_1x1_l_c,3936,Nikon,1x,1,T1200012,C,R1,Base,1of2,External,Tcom,l,c
3938_T1200012_C_R1_2of2_Tcom_1x1_d_c,3938,Nikon,1x,1,T1200012,C,R1,Base,2of2,External,Tcom,d,c
3939_T1200012_C_R1_2of2_Tcom_1x1_l_c,3939,Nikon,1x,1,T1200012,C,R1,Base,2of2,External,Tcom,l,c
3941_T1200012_C_R2_1of2_Tcom_1x1_d_c,3941,Nikon,1x,1,T1200012,C,R2,Base,1of2,External,Tcom,d,c
3942_T1200012_C_R2_1of2_Tcom_1x1_l_c,3942,Nikon,1x,1,T1200012,C,R2,Base,1of2,External,Tcom,l,c
3944_T1200012_C_R6_1of2_Tcom_1x1_d_c,3944,Nikon,1x,1,T1200012,C,R6,Mid,1of2,External,Tcom,d,c
3945_T1200012_C_R6_1of2_Tcom_1x1_l_c,3945,Nikon,1x,1,T1200012,C,R6,Mid,1of2,External,Tcom,l,c
3947_T1200012_C_R6_2of2_Tcom_1x1_d_c,3947,Nikon,1x,1,T1200012,C,R6,Mid,2of2,External,Tcom,d,c
3948_T1200012_C_R6_2of2_Tcom_1x1_l_c,3948,Nikon,1x,1,T1200012,C,R6,Mid,2of2,External,Tcom,l,c
3950_T1200012_C_R7_2of2_Tcom_1x1_d_c,3950,Nikon,1x,1,T1200012,C,R7,Mid,2of2,External,Tcom,d,c
3951_T1200012_C_R7_2of2_Tcom_1x1_l_c,3951,Nikon,1x,1,T1200012,C,R7,Mid,2of2,External,Tcom,l,c
3953_T1200012_C_R9_2of2_Tcom_1x1_d_c,3953,Nikon,1x,1,T1200012,C,R9,Top,2of2,External,Tcom,d,c
3954_T1200012_C_R9_2of2_Tcom_1x1_l_c,3954,Nikon,1x,1,T1200012,C,R9,Top,2of2,External,Tcom,l,c
3956_T1200012_C_R11_1of1_Tcom_1x1_d_c,3956,Nikon,1x,1,T1200012,C,R11,Top,1of1,Solo,Tcom,d,c
3957_T1200012_C_R11_1of1_Tcom_1x1_l_c,3957,Nikon,1x,1,T1200012,C,R11,Top,1of1,Solo,Tcom,l,c
3959_T1200012_C_R12_1of1_Tcom_1x1_d_c,3959,Nikon,1x,1,T1200012,C,R12,Top,1of1,Solo,Tcom,d,c
3960_T1200012_C_R12_1of1_Tcom_1x1_l_c,3960,Nikon,1x,1,T1200012,C,R12,Top,1of1,Solo,Tcom,l,c
3962_T1200010_A_R1_1of1_Tcom_1x1_d_c,3962,Nikon,1x,1,T1200010,A,R1,Base,1of1,Solo,Tcom,d,c
3963_T1200010_A_R1_1of1_Tcom_1x1_l_c,3963,Nikon,1x,1,T1200010,A,R1,Base,1of1,Solo,Tcom,l,c
3965_T1200010_A_R2_2of3_Tcom_1x1_d_c,3965,Nikon,1x,1,T1200010,A,R2,Base,2of3,Internal,Tcom,d,c
3966_T1200010_A_R2_2of3_Tcom_1x1_l_c,3966,Nikon,1x,1,T1200010,A,R2,Base,2of3,Internal,Tcom,l,c
3968_T1200010_A_R2_3of3_Tcom_1x1_d_c,3968,Nikon,1x,1,T1200010,A,R2,Base,3of3,External,Tcom,d,c
3969_T1200010_A_R2_3of3_Tcom_1x1_l_c,3969,Nikon,1x,1,T1200010,A,R2,Base,3of3,External,Tcom,l,c
3971_T1200010_A_R12_1of4_Tcom_1x1_d_c,3971,Nikon,1x,1,T1200010,A,R12,Mid,1of4,External,Tcom,d,c
3972_T1200010_A_R12_1of4_Tcom_1x1_l_c,3972,Nikon,1x,1,T1200010,A,R12,Mid,1of4,External,Tcom,l,c
3974_T1200010_A_R12_2of4_Tcom_1x1_d_c,3974,Nikon,1x,1,T1200010,A,R12,Mid,2of4,Internal,Tcom,d,c
3975_T1200010_A_R12_2of4_Tcom_1x1_l_c,3975,Nikon,1x,1,T1200010,A,R12,Mid,2of4,Internal,Tcom,l,c
3977_T1200010_A_R12_4of4_Tcom_1x1_d_c,3977,Nikon,1x,1,T1200010,A,R12,Mid,4of4,External,Tcom,d,c
3978_T1200010_A_R12_4of4_Tcom_1x1_l_c,3978,Nikon,1x,1,T1200010,A,R12,Mid,4of4,External,Tcom,l,c
3980_T1200010_A_R22_1of2_Tcom_1x1_d_c,3980,Nikon,1x,1,T1200010,A,R22,Top,1of2,External,Tcom,d,c
3981_T1200010_A_R22_1of2_Tcom_1x1_l_c,3981,Nikon,1x,1,T1200010,A,R22,Top,1of2,External,Tcom,l,c
3983_T1200010_A_R23_1of2_Tcom_1x1_d_c,3983,Nikon,1x,1,T1200010,A,R23,Top,1of2,External,Tcom,d,c
3984_T1200010_A_R23_1of2_Tcom_1x1_l_c,3984,Nikon,1x,1,T1200010,A,R23,Top,1of2,External,Tcom,l,c
3986_T1200010_A_R23_2of2_Tcom_1x1_d_c,3986,Nikon,1x,1,T1200010,A,R23,Top,2of2,External,Tcom,d,c
3987_T1200010_A_R23_2of2_Tcom_1x1_l_c,3987,Nikon,1x,1,T1200010,A,R23,Top,2of2,External,Tcom,l,c
3989_T1200010_B_R1_1of2_Tcom_1x1_d_c,3989,Nikon,1x,1,T1200010,B,R1,Base,1of2,External,Tcom,d,c
3990_T1200010_B_R1_1of2_Tcom_1x1_l_c,3990,Nikon,1x,1,T1200010,B,R1,Base,1of2,External,Tcom,l,c
3992_T1200010_B_R1_2of2_Tcom_1x1_d_c,3992,Nikon,1x,1,T1200010,B,R1,Base,2of2,External,Tcom,d,c
3993_T1200010_B_R1_2of2_Tcom_1x1_l_c,3993,Nikon,1x,1,T1200010,B,R1,Base,2of2,External,Tcom,l,c
3995_T1200010_B_R2_1of2_Tcom_1x1_d_c,3995,Nikon,1x,1,T1200010,B,R2,Base,1of2,External,Tcom,d,c
3996_T1200010_B_R2_1of2_Tcom_1x1_l_c,3996,Nikon,1x,1,T1200010,B,R2,Base,1of2,External,Tcom,l,c
3998_T1200010_B_R11_1of4_Tcom_1x1_d_c,3998,Nikon,1x,1,T1200010,B,R11,Mid,1of4,External,Tcom,d,c
3999_T1200010_B_R11_1of4_Tcom_1x1_l_c,3999,Nikon,1x,1,T1200010,B,R11,Mid,1of4,External,Tcom,l,c
4001_T1200010_B_R11_2of4_Tcom_1x1_d_c,4001,Nikon,1x,1,T1200010,B,R11,Mid,2of4,Internal,Tcom,d,c
4002_T1200010_B_R11_2of4_Tcom_1x1_l_c,4002,Nikon,1x,1,T1200010,B,R11,Mid,2of4,Internal,Tcom,l,c
4004_T1200010_B_R11_4of4_Tcom_1x1_d_c,4004,Nikon,1x,1,T1200010,B,R11,Mid,4of4,External,Tcom,d,c
4005_T1200010_B_R11_4of4_Tcom_1x1_l_c,4005,Nikon,1x,1,T1200010,B,R11,Mid,4of4,External,Tcom,l,c
4007_T1200010_B_R21_1of2_Tcom_1x1_d_c,4007,Nikon,1x,1,T1200010,B,R21,Top,1of2,External,Tcom,d,c
4008_T1200010_B_R21_1of2_Tcom_1x1_l_c,4008,Nikon,1x,1,T1200010,B,R21,Top,1of2,External,Tcom,l,c
4010_T1200010_B_R21_2of2_Tcom_1x1_d_c,4010,Nikon,1x,1,T1200010,B,R21,Top,2of2,External,Tcom,d,c
4011_T1200010_B_R21_2of2_Tcom_1x1_l_c,4011,Nikon,1x,1,T1200010,B,R21,Top,2of2,External,Tcom,l,c
4013_T1200010_B_R22_1of1_Tcom_1x1_d_c,4013,Nikon,1x,1,T1200010,B,R22,Top,1of1,Solo,Tcom,d,c
4014_T1200010_B_R22_1of1_Tcom_1x1_l_c,4014,Nikon,1x,1,T1200010,B,R22,Top,1of1,Solo,Tcom,l,c
4016_T1200010_C_R1_1of2_Tcom_1x1_d_c,4016,Nikon,1x,1,T1200010,C,R1,Base,1of2,External,Tcom,d,c
4017_T1200010_C_R1_1of2_Tcom_1x1_l_c,4017,Nikon,1x,1,T1200010,C,R1,Base,1of2,External,Tcom,l,c
4019_T1200010_C_R1_2of2_Tcom_1x1_d_c,4019,Nikon,1x,1,T1200010,C,R1,Base,2of2,External,Tcom,d,c
4020_T1200010_C_R1_2of2_Tcom_1x1_l_c,4020,Nikon,1x,1,T1200010,C,R1,Base,2of2,External,Tcom,l,c
4022_T1200010_C_R2_1of3_Tcom_1x1_d_c,4022,Nikon,1x,1,T1200010,C,R2,Base,1of3,External,Tcom,d,c
4023_T1200010_C_R2_1of3_Tcom_1x1_l_c,4023,Nikon,1x,1,T1200010,C,R2,Base,1of3,External,Tcom,l,c
4025_T1200010_C_R12_1of3_Tcom_1x1_d_c,4025,Nikon,1x,1,T1200010,C,R12,Mid,1of3,External,Tcom,d,c
4026_T1200010_C_R12_1of3_Tcom_1x1_l_c,4026,Nikon,1x,1,T1200010,C,R12,Mid,1of3,External,Tcom,l,c
4028_T1200010_C_R12_2of3_Tcom_1x1_d_c,4028,Nikon,1x,1,T1200010,C,R12,Mid,2of3,Internal,Tcom,d,c
4029_T1200010_C_R12_2of3_Tcom_1x1_l_c,4029,Nikon,1x,1,T1200010,C,R12,Mid,2of3,Internal,Tcom,l,c
4031_T1200010_C_R12_3of3_Tcom_1x1_d_c,4031,Nikon,1x,1,T1200010,C,R12,Mid,3of3,External,Tcom,d,c
4032_T1200010_C_R12_3of3_Tcom_1x1_l_c,4032,Nikon,1x,1,T1200010,C,R12,Mid,3of3,External,Tcom,l,c
4034_T1200010_C_R20_1of2_Tcom_1x1_d_c,4034,Nikon,1x,1,T1200010,C,R20,Top,1of2,External,Tcom,d,c
4035_T1200010_C_R20_1of2_Tcom_1x1_l_c,4035,Nikon,1x,1,T1200010,C,R20,Top,1of2,External,Tcom,l,c
4037_T1200010_C_R21_1of2_Tcom_1x1_d_c,4037,Nikon,1x,1,T1200010,C,R21,Top,1of2,External,Tcom,d,c
4038_T1200010_C_R21_1of2_Tcom_1x1_l_c,4038,Nikon,1x,1,T1200010,C,R21,Top,1of2,External,Tcom,l,c
4040_T1200010_C_R21_2of2_Tcom_1x1_d_c,4040,Nikon,1x,1,T1200010,C,R21,Top,2of2,External,Tcom,d,c
4041_T1200010_C_R21_2of2_Tcom_1x1_l_c,4041,Nikon,1x,1,T1200010,C,R21,Top,2of2,External,Tcom,l,c
4115_USDA350071_A_R2_1of2_Taes_1x1_d_c,4115,Nikon,1x,1,USDA350071,A,R2,Base,1of2,External,Taes,d,c
4116_USDA350071_A_R2_1of2_Taes_1x1_l_c,4116,Nikon,1x,1,USDA350071,A,R2,Base,1of2,External,Taes,l,c
4118_USDA350071_A_R3_1of2_Taes_1x1_d_c,4118,Nikon,1x,1,USDA350071,A,R3,Base,1of2,External,Taes,d,c
4119_USDA350071_A_R3_1of2_Taes_1x1_l_c,4119,Nikon,1x,1,USDA350071,A,R3,Base,1of2,External,Taes,l,c
4121_USDA350071_A_R3_2of2_Taes_1x1_d_c,4121,Nikon,1x,1,USDA350071,A,R3,Base,2of2,External,Taes,d,c
4122_USDA350071_A_R3_2of2_Taes_1x1_l_c,4122,Nikon,1x,1,USDA350071,A,R3,Base,2of2,External,Taes,l,c
4124_USDA350071_A_R10_1of2_Taes_1x1_d_c,4124,Nikon,1x,1,USDA350071,A,R10,Mid,1of2,External,Taes,d,c
4125_USDA350071_A_R10_1of2_Taes_1x1_l_c,4125,Nikon,1x,1,USDA350071,A,R10,Mid,1of2,External,Taes,l,c
4127_USDA350071_A_R10_2of2_Taes_1x1_d_c,4127,Nikon,1x,1,USDA350071,A,R10,Mid,2of2,External,Taes,d,c
4128_USDA350071_A_R10_2of2_Taes_1x1_l_c,4128,Nikon,1x,1,USDA350071,A,R10,Mid,2of2,External,Taes,l,c
4130_USDA350071_A_R11_2of2_Taes_1x1_d_c,4130,Nikon,1x,1,USDA350071,A,R11,Mid,2of2,External,Taes,d,c
4131_USDA350071_A_R11_2of2_Taes_1x1_l_c,4131,Nikon,1x,1,USDA350071,A,R11,Mid,2of2,External,Taes,l,c
4133_USDA350071_A_R17_1of2_Taes_1x1_d_c,4133,Nikon,1x,1,USDA350071,A,R17,Top,1of2,External,Taes,d,c
4134_USDA350071_A_R17_1of2_Taes_1x1_l_c,4134,Nikon,1x,1,USDA350071,A,R17,Top,1of2,External,Taes,l,c
4136_USDA350071_A_R17_2of2_Taes_1x1_d_c,4136,Nikon,1x,1,USDA350071,A,R17,Top,2of2,External,Taes,d,c
4137_USDA350071_A_R17_2of2_Taes_1x1_l_c,4137,Nikon,1x,1,USDA350071,A,R17,Top,2of2,External,Taes,l,c
4139_USDA350071_A_R18_1of1_Taes_1x1_d_c,4139,Nikon,1x,1,USDA350071,A,R18,Top,1of1,Solo,Taes,d,c
4140_USDA350071_A_R18_1of1_Taes_1x1_l_c,4140,Nikon,1x,1,USDA350071,A,R18,Top,1of1,Solo,Taes,l,c
4142_USDA350071_B_R1_1of2_Taes_1x1_d_c,4142,Nikon,1x,1,USDA350071,B,R1,Base,1of2,External,Taes,d,c
4143_USDA350071_B_R1_1of2_Taes_1x1_l_c,4143,Nikon,1x,1,USDA350071,B,R1,Base,1of2,External,Taes,l,c
4145_USDA350071_B_R1_2of2_Taes_1x1_d_c,4145,Nikon,1x,1,USDA350071,B,R1,Base,2of2,External,Taes,d,c
4146_USDA350071_B_R1_2of2_Taes_1x1_l_c,4146,Nikon,1x,1,USDA350071,B,R1,Base,2of2,External,Taes,l,c
4148_USDA350071_B_R2_1of2_Taes_1x1_d_c,4148,Nikon,1x,1,USDA350071,B,R2,Base,1of2,External,Taes,d,c
4149_USDA350071_B_R2_1of2_Taes_1x1_l_c,4149,Nikon,1x,1,USDA350071,B,R2,Base,1of2,External,Taes,l,c
4151_USDA350071_B_R9_1of2_Taes_1x1_d_c,4151,Nikon,1x,1,USDA350071,B,R9,Mid,1of2,External,Taes,d,c
4152_USDA350071_B_R9_1of2_Taes_1x1_l_c,4152,Nikon,1x,1,USDA350071,B,R9,Mid,1of2,External,Taes,l,c
4154_USDA350071_B_R10_1of2_Taes_1x1_d_c,4154,Nikon,1x,1,USDA350071,B,R10,Mid,1of2,External,Taes,d,c
4155_USDA350071_B_R10_1of2_Taes_1x1_l_c,4155,Nikon,1x,1,USDA350071,B,R10,Mid,1of2,External,Taes,l,c
4157_USDA350071_B_R11_2of2_Taes_1x1_d_c,4157,Nikon,1x,1,USDA350071,B,R11,Mid,2of2,External,Taes,d,c
4158_USDA350071_B_R11_2of2_Taes_1x1_l_c,4158,Nikon,1x,1,USDA350071,B,R11,Mid,2of2,External,Taes,l,c
4160_USDA350071_B_R16_1of1_Taes_1x1_d_c,4160,Nikon,1x,1,USDA350071,B,R16,Top,1of1,Solo,Taes,d,c
4161_USDA350071_B_R16_1of1_Taes_1x1_l_c,4161,Nikon,1x,1,USDA350071,B,R16,Top,1of1,Solo,Taes,l,c
4163_USDA350071_B_R17_1of1_Taes_1x1_d_c,4163,Nikon,1x,1,USDA350071,B,R17,Top,1of1,Solo,Taes,d,c
4164_USDA350071_B_R17_1of1_Taes_1x1_l_c,4164,Nikon,1x,1,USDA350071,B,R17,Top,1of1,Solo,Taes,l,c
4166_USDA350071_B_R19_1of1_Taes_1x1_d_c,4166,Nikon,1x,1,USDA350071,B,R19,Top,1of1,Solo,Taes,d,c
4167_USDA350071_B_R19_1of1_Taes_1x1_l_c,4167,Nikon,1x,1,USDA350071,B,R19,Top,1of1,Solo,Taes,l,c
4169_USDA350071_C_R1_1of1_Taes_1x1_d_c,4169,Nikon,1x,1,USDA350071,C,R1,Base,1of1,Solo,Taes,d,c
4170_USDA350071_C_R1_1of1_Taes_1x1_l_c,4170,Nikon,1x,1,USDA350071,C,R1,Base,1of1,Solo,Taes,l,c
4172_USDA350071_C_R2_1of2_Taes_1x1_d_c,4172,Nikon,1x,1,USDA350071,C,R2,Base,1of2,External,Taes,d,c
4173_USDA350071_C_R2_1of2_Taes_1x1_l_c,4173,Nikon,1x,1,USDA350071,C,R2,Base,1of2,External,Taes,l,c
4175_USDA350071_C_R2_2of2_Taes_1x1_d_c,4175,Nikon,1x,1,USDA350071,C,R2,Base,2of2,External,Taes,d,c
4176_USDA350071_C_R2_2of2_Taes_1x1_l_c,4176,Nikon,1x,1,USDA350071,C,R2,Base,2of2,External,Taes,l,c
4178_USDA350071_C_R9_1of2_Taes_1x1_d_c,4178,Nikon,1x,1,USDA350071,C,R9,Mid,1of2,External,Taes,d,c
4179_USDA350071_C_R9_1of2_Taes_1x1_l_c,4179,Nikon,1x,1,USDA350071,C,R9,Mid,1of2,External,Taes,l,c
4181_USDA350071_C_R9_2of2_Taes_1x1_d_c,4181,Nikon,1x,1,USDA350071,C,R9,Mid,2of2,External,Taes,d,c
4182_USDA350071_C_R9_2of2_Taes_1x1_l_c,4182,Nikon,1x,1,USDA350071,C,R9,Mid,2of2,External,Taes,l,c
4184_USDA350071_C_R10_1of2_Taes_1x1_d_c,4184,Nikon,1x,1,USDA350071,C,R10,Mid,1of2,External,Taes,d,c
4185_USDA350071_C_R10_1of2_Taes_1x1_l_c,4185,Nikon,1x,1,USDA350071,C,R10,Mid,1of2,External,Taes,l,c
4187_USDA350071_C_R15_1of1_Taes_1x1_d_c,4187,Nikon,1x,1,USDA350071,C,R15,Top,1of1,Solo,Taes,d,c
4188_USDA350071_C_R15_1of1_Taes_1x1_l_c,4188,Nikon,1x,1,USDA350071,C,R15,Top,1of1,Solo,Taes,l,c
4190_USDA350071_C_R16_1of1_Taes_1x1_d_c,4190,Nikon,1x,1,USDA350071,C,R16,Top,1of1,Solo,Taes,d,c
4191_USDA350071_C_R16_1of1_Taes_1x1_l_c,4191,Nikon,1x,1,USDA350071,C,R16,Top,1of1,Solo,Taes,l,c
4193_USDA350071_C_R17_1of1_Taes_1x1_d_c,4193,Nikon,1x,1,USDA350071,C,R17,Top,1of1,Solo,Taes,d,c
4194_USDA350071_C_R17_1of1_Taes_1x1_l_c,4194,Nikon,1x,1,USDA350071,C,R17,Top,1of1,Solo,Taes,l,c
