Filename,ID,Microscope,Objective,Mag,Accession,Ear ,Ear row,Ear position,Spk position,Position type,taxon code,View,Charred?,
13009_Taes_STM017a___d,13009,Feedsax,,,Stafford St Marys Grove,,STM017a,,,,Arch_Tturg,d,,
13010_Taes_STM017a___l,13010,Feedsax,,,Stafford St Marys Grove,,STM017a,,,,Arch_Tturg,l,,
13015_Taes_STM0021a___d,13015,Feedsax,,,Stafford St Marys Grove,,STM0021a,,,,Arch_Tturg,d,,
13016_Taes_STM0021a___l,13016,Feedsax,,,Stafford St Marys Grove,,STM0021a,,,,Arch_Tturg,l,,
13018_Taes_STM0021b___d,13018,Feedsax,,,Stafford St Marys Grove,,STM0021b,,,,Arch_Tcom,d,,
13019_Taes_STM0021b___l,13019,Feedsax,,,Stafford St Marys Grove,,STM0021b,,,,Arch_Tcom,l,,
13021_Taes_STM0021c___d,13021,Feedsax,,,Stafford St Marys Grove,,STM0021c,,,,Arch_Taes,d,,
13022_Taes_STM0021c___l,13022,Feedsax,,,Stafford St Marys Grove,,STM0021c,,,,Arch_Taes,l,,
13024_Taes_STM0101a___d,13024,Feedsax,,,Stafford St Marys Grove,,STM0101a,,,,Arch_Tcom,d,,
13025_Taes_STM0101a___l,13025,Feedsax,,,Stafford St Marys Grove,,STM0101a,,,,Arch_Tcom,l,,
13033_Taes_STB002a___d,13033,Feedsax,,,Stafford,,STB002a,,,,Arch_Taes,d,,
13034_Taes_STB002a___l,13034,Feedsax,,,Stafford,,STB002a,,,,Arch_Taes,l,,
13036_Taes_STB002b___d,13036,Feedsax,,,Stafford,,STB002b,,,,Arch_Taes,d,,
13037_Taes_STB002b___l,13037,Feedsax,,,Stafford,,STB002b,,,,Arch_Taes,l,,
13039_Taes_STB002c___d,13039,Feedsax,,,Stafford,,STB002c,,,,Arch_Tcom,d,,
13040_Taes_STB002c___l,13040,Feedsax,,,Stafford,,STB002c,,,,Arch_Tcom,l,,
13045_Taes_STT007a___d,13045,Feedsax,,,Stafford,,STT007a,,,,Arch_Taes,d,,
13046_Taes_STT007a___l,13046,Feedsax,,,Stafford,,STT007a,,,,Arch_Taes,l,,
13048_Taes_STT007b___d,13048,Feedsax,,,Stafford,,STT007b,,,,Arch_Tcom,d,,
13049_Taes_STT007b___l,13049,Feedsax,,,Stafford,,STT007b,,,,Arch_Tcom,l,,
13051_Taes_STT007c___d,13051,Feedsax,,,Stafford,,STT007c,,,,Arch_Tcom,d,,
13052_Taes_STT007c___l,13052,Feedsax,,,Stafford,,STT007c,,,,Arch_Tcom,l,,
13054_Taes_STT009a___d,13054,Feedsax,,,Stafford,,STT009a,,,,Arch_Taes,d,,
13055_Taes_STT009a___l,13055,Feedsax,,,Stafford,,STT009a,,,,Arch_Taes,l,,
13057_Taes_STT009b___d,13057,Feedsax,,,Stafford,,STT009b,,,,Arch_Tcom,d,,
13058_Taes_STT009b___l,13058,Feedsax,,,Stafford,,STT009b,,,,Arch_Tcom,l,,
13060_Taes_STT009c___d,13060,Feedsax,,,Stafford,,STT009c,,,,Arch_Taes,d,,
13061_Taes_STT009c___l,13061,Feedsax,,,Stafford,,STT009c,,,,Arch_Taes,l,,
13063_Taes_STT012a___d,13063,Feedsax,,,Stafford,,STT012a,,,,Arch_Taes,d,,
13064_Taes_STT012a___l,13064,Feedsax,,,Stafford,,STT012a,,,,Arch_Taes,l,,
13066_Taes_STT012b___d,13066,Feedsax,,,Stafford,,STT012b,,,,Arch_Taes,d,,
13067_Taes_STT012b___l,13067,Feedsax,,,Stafford,,STT012b,,,,Arch_Taes,l,,
13069_Taes_STT012c___d,13069,Feedsax,,,Stafford,,STT012c,,,,Arch_Taes,d,,
13070_Taes_STT012c___l,13070,Feedsax,,,Stafford,,STT012c,,,,Arch_Taes,l,,
13072_Taes_LYM001a___d,13072,Feedsax,,,Lyminge,,LYM001a,,,,Arch_Taes,d,,
13073_Taes_LYM001a___l,13073,Feedsax,,,Lyminge,,LYM001a,,,,Arch_Taes,l,,
13075_Taes_LYM001b___d,13075,Feedsax,,,Lyminge,,LYM001b,,,,Arch_Taes,d,,
13076_Taes_LYM001b___l,13076,Feedsax,,,Lyminge,,LYM001b,,,,Arch_Taes,l,,
13078_Taes_LYM001c___d,13078,Feedsax,,,Lyminge,,LYM001c,,,,Arch_Taes,d,,
13079_Taes_LYM001c___l,13079,Feedsax,,,Lyminge,,LYM001c,,,,Arch_Taes,l,,
13081_Taes_LYM003a___d,13081,Feedsax,,,Lyminge,,LYM003a,,,,Arch_Taes,d,,
13082_Taes_LYM003a___l,13082,Feedsax,,,Lyminge,,LYM003a,,,,Arch_Taes,l,,
13084_Taes_LYM003b___d,13084,Feedsax,,,Lyminge,,LYM003b,,,,Arch_Taes,d,,
13085_Taes_LYM003b___l,13085,Feedsax,,,Lyminge,,LYM003b,,,,Arch_Taes,l,,
13087_Taes_LYM003c___d,13087,Feedsax,,,Lyminge,,LYM003c,,,,Arch_Tcom,d,,
13088_Taes_LYM003c___l,13088,Feedsax,,,Lyminge,,LYM003c,,,,Arch_Tcom,l,,
13090_Taes_LYM005a___d,13090,Feedsax,,,Lyminge,,LYM005a,,,,Arch_Taes,d,,
13091_Taes_LYM005a___l,13091,Feedsax,,,Lyminge,,LYM005a,,,,Arch_Taes,l,,
13093_Taes_LYM005b___d,13093,Feedsax,,,Lyminge,,LYM005b,,,,Arch_Tcom,d,,
13094_Taes_LYM005b___l,13094,Feedsax,,,Lyminge,,LYM005b,,,,Arch_Tcom,l,,
13096_Taes_LYM005c___d,13096,Feedsax,,,Lyminge,,LYM005c,,,,Arch_Taes,d,,
13097_Taes_LYM005c___l,13097,Feedsax,,,Lyminge,,LYM005c,,,,Arch_Taes,l,,
13099_Taes_LYM007a___d,13099,Feedsax,,,Lyminge,,LYM007a,,,,Arch_Tcom,d,,
13100_Taes_LYM007a___l,13100,Feedsax,,,Lyminge,,LYM007a,,,,Arch_Tcom,l,,
13102_Taes_LYM007b___d,13102,Feedsax,,,Lyminge,,LYM007b,,,,Arch_Taes,d,,
13103_Taes_LYM007b___l,13103,Feedsax,,,Lyminge,,LYM007b,,,,Arch_Taes,l,,
13108_Taes_LYM009a___d,13108,Feedsax,,,Lyminge,,LYM009a,,,,Arch_Taes,d,,
13109_Taes_LYM009a___l,13109,Feedsax,,,Lyminge,,LYM009a,,,,Arch_Taes,l,,
13111_Taes_LYM009b___d,13111,Feedsax,,,Lyminge,,LYM009b,,,,Arch_Taes,d,,
13112_Taes_LYM009b___l,13112,Feedsax,,,Lyminge,,LYM009b,,,,Arch_Taes,l,,
13117_Taes_LYM012a___d,13117,Feedsax,,,Lyminge,,LYM012a,,,,Arch_Taes,d,,
13118_Taes_LYM012a___l,13118,Feedsax,,,Lyminge,,LYM012a,,,,Arch_Taes,l,,
13120_Taes_LYM012b___d,13120,Feedsax,,,Lyminge,,LYM012b,,,,Arch_Tcom,d,,
13121_Taes_LYM012b___l,13121,Feedsax,,,Lyminge,,LYM012b,,,,Arch_Tcom,l,,
13123_Taes_LYM012c___d,13123,Feedsax,,,Lyminge,,LYM012c,,,,Arch_Tcom,d,,
13124_Taes_LYM012c___l,13124,Feedsax,,,Lyminge,,LYM012c,,,,Arch_Tcom,l,,
13126_Taes_LYM016a___d,13126,Feedsax,,,Lyminge,,LYM016a,,,,Arch_Tcom,d,,
13127_Taes_LYM016a___l,13127,Feedsax,,,Lyminge,,LYM016a,,,,Arch_Tcom,l,,
13129_Taes_LYM016b___d,13129,Feedsax,,,Lyminge,,LYM016b,,,,Arch_Tcom,d,,
13130_Taes_LYM016b___l,13130,Feedsax,,,Lyminge,,LYM016b,,,,Arch_Tcom,l,,
13132_Taes_LYM016c___d,13132,Feedsax,,,Lyminge,,LYM016c,,,,Arch_Tcom,d,,
13133_Taes_LYM016c___l,13133,Feedsax,,,Lyminge,,LYM016c,,,,Arch_Tcom,l,,
13135_Taes_LYM021c___d,13135,Feedsax,,,Lyminge,,LYM021c,,,,Arch_Taes,d,,
13136_Taes_LYM021c___l,13136,Feedsax,,,Lyminge,,LYM021c,,,,Arch_Taes,l,,
13138_Taes_LYM022a___d,13138,Feedsax,,,Lyminge,,LYM022a,,,,Arch_Taes,d,,
13139_Taes_LYM022a___l,13139,Feedsax,,,Lyminge,,LYM022a,,,,Arch_Taes,l,,
13141_Taes_LYM022b___d,13141,Feedsax,,,Lyminge,,LYM022b,,,,Arch_Taes,d,,
13142_Taes_LYM022b___l,13142,Feedsax,,,Lyminge,,LYM022b,,,,Arch_Taes,l,,
13144_Taes_LYM022c___d,13144,Feedsax,,,Lyminge,,LYM022c,,,,Arch_Tcom,d,,
13145_Taes_LYM022c___l,13145,Feedsax,,,Lyminge,,LYM022c,,,,Arch_Tcom,l,,
13147_Taes_LYM025a___d,13147,Feedsax,,,Lyminge,,LYM025a,,,,Arch_Taes,d,,
13148_Taes_LYM025a___l,13148,Feedsax,,,Lyminge,,LYM025a,,,,Arch_Taes,l,,
13153_Taes_LYM025c___d,13153,Feedsax,,,Lyminge,,LYM025c,,,,Arch_Taes,d,,
13154_Taes_LYM025c___l,13154,Feedsax,,,Lyminge,,LYM025c,,,,Arch_Taes,l,,
13156_Taes_LYM026a___d,13156,Feedsax,,,Lyminge,,LYM026a,,,,Arch_Tcom,d,,
13157_Taes_LYM026a___l,13157,Feedsax,,,Lyminge,,LYM026a,,,,Arch_Tcom,l,,
13159_Taes_LYM026b___d,13159,Feedsax,,,Lyminge,,LYM026b,,,,Arch_Taes,d,,
13160_Taes_LYM026b___l,13160,Feedsax,,,Lyminge,,LYM026b,,,,Arch_Taes,l,,
13162_Taes_LYM026c___d,13162,Feedsax,,,Lyminge,,LYM026c,,,,Arch_Taes,d,,
13163_Taes_LYM026c___l,13163,Feedsax,,,Lyminge,,LYM026c,,,,Arch_Taes,l,,
13165_Taes_LYM027a___d,13165,Feedsax,,,Lyminge,,LYM027a,,,,Arch_Taes,d,,
13166_Taes_LYM027a___l,13166,Feedsax,,,Lyminge,,LYM027a,,,,Arch_Taes,l,,
13174_Taes_LYM029a___d,13174,Feedsax,,,Lyminge,,LYM029a,,,,Arch_Taes,d,,
13175_Taes_LYM029a___l,13175,Feedsax,,,Lyminge,,LYM029a,,,,Arch_Taes,l,,
13177_Taes_LYM029b___d,13177,Feedsax,,,Lyminge,,LYM029b,,,,Arch_Taes,d,,
13178_Taes_LYM029b___l,13178,Feedsax,,,Lyminge,,LYM029b,,,,Arch_Taes,l,,
13189_Taes_BOP001a___d,13189,Feedsax,,,Botolph Bridge,BOP001a,,,,,Arch_Taes,d,,
13190_Taes_BOP001a___l,13190,Feedsax,,,Botolph Bridge,BOP001a,,,,,Arch_Taes,l,,
13195_Taes_BOP002b___d,13195,Feedsax,,,Botolph Bridge,BOP002b,,,,,Arch_Tcom,d,,
13196_Taes_BOP002b___l,13196,Feedsax,,,Botolph Bridge,BOP002b,,,,,Arch_Tcom,l,,
13210_Taes_RBS001a___d,13210,Feedsax,,,Raunds,,RBS001a,,,,Arch_Tcom,d,,
13211_Taes_RBS001a___l,13211,Feedsax,,,Raunds,,RBS001a,,,,Arch_Tcom,l,,
13213_Taes_RBS003a___d,13213,Feedsax,,,Raunds,,RBS003a,,,,Arch_Taes,d,,
13214_Taes_RBS003a___l,13214,Feedsax,,,Raunds,,RBS003a,,,,Arch_Taes,l,,
13216_Taes_RBS003b___d,13216,Feedsax,,,Raunds,,RBS003b,,,,Arch_Tturg,d,,
13217_Taes_RBS003b___l,13217,Feedsax,,,Raunds,,RBS003b,,,,Arch_Tturg,l,,
13219_Taes_RBS003c___d,13219,Feedsax,,,Raunds,,RBS003c,,,,Arch_Tcom,d,,
13220_Taes_RBS003c___l,13220,Feedsax,,,Raunds,,RBS003c,,,,Arch_Tcom,l,,
13222_Taes_RFU001a___d,13222,Feedsax,,,Raunds,,RFU001a,,,,Arch_Tturg,d,,
13223_Taes_RFU001a___l,13223,Feedsax,,,Raunds,,RFU001a,,,,Arch_Tturg,l,,
13225_Taes_RFU001b___d,13225,Feedsax,,,Raunds,,RFU001b,,,,Arch_Tturg,d,,
13226_Taes_RFU001b___l,13226,Feedsax,,,Raunds,,RFU001b,,,,Arch_Tturg,l,,
13228_Taes_RFU001c___d,13228,Feedsax,,,Raunds,,RFU001c,,,,Arch_Tturg,d,,
13229_Taes_RFU001c___l,13229,Feedsax,,,Raunds,,RFU001c,,,,Arch_Tturg,l,,
13231_Taes_RWC008a___d,13231,Feedsax,,,Raunds,,RWC008a,,,,Arch_Tturg,d,,
13232_Taes_RWC008a___l,13232,Feedsax,,,Raunds,,RWC008a,,,,Arch_Tturg,l,,
13234_Taes_RWC008b___d,13234,Feedsax,,,Raunds,,RWC008b,,,,Arch_Taes,d,,
13235_Taes_RWC008b___l,13235,Feedsax,,,Raunds,,RWC008b,,,,Arch_Taes,l,,
13237_Taes_RWC008c___d,13237,Feedsax,,,Raunds,,RWC008c,,,,Adur,d,,
13238_Taes_RWC008c___l,13238,Feedsax,,,Raunds,,RWC008c,,,,Adur,l,,
13240_Taes_RWC015a___d,13240,Feedsax,,,Raunds,,RWC015a,,,,Arch_Tturg,d,,
13241_Taes_RWC015a___l,13241,Feedsax,,,Raunds,,RWC015a,,,,Arch_Tturg,l,,
13243_Taes_RWC017a___d,13243,Feedsax,,,Raunds,,RWC017a,,,,Arch_Taes,d,,
13244_Taes_RWC017a___l,13244,Feedsax,,,Raunds,,RWC017a,,,,Arch_Taes,l,,
13249_Taes_Com_HOU001a___d,13249,Feedsax,,,Houghton,,HOU001a,,,,Arch_Tturg,d,,
13250_Taes_Com_HOU001a___l,13250,Feedsax,,,Houghton,,HOU001a,,,,Arch_Tturg,l,,
13252_Taes_Com_HOU001b___d,13252,Feedsax,,,Houghton,,HOU001b,,,,Arch_Taes,d,,
13253_Taes_Com_HOU001b___l,13253,Feedsax,,,Houghton,,HOU001b,,,,Arch_Taes,l,,
13255_Taes_Com_HOU001c___d,13255,Feedsax,,,Houghton,,HOU001c,,,,Arch_Tturg,d,,
13256_Taes_Com_HOU001c___l,13256,Feedsax,,,Houghton,,HOU001c,,,,Arch_Tturg,l,,
13258_Taes_Com_HOU003a___d,13258,Feedsax,,,Houghton,,HOU003a,,,,Arch_Tturg,d,,
13259_Taes_Com_HOU003a___l,13259,Feedsax,,,Houghton,,HOU003a,,,,Arch_Tturg,l,,
13261_Taes_Com_HOU003b___d,13261,Feedsax,,,Houghton,,HOU003b,,,,Arch_Tturg,d,,
13262_Taes_Com_HOU003b___l,13262,Feedsax,,,Houghton,,HOU003b,,,,Arch_Tturg,l,,
13264_Taes_Com_HOU003c___d,13264,Feedsax,,,Houghton,,HOU003c,,,,Arch_Tturg,d,,
13265_Taes_Com_HOU003c___l,13265,Feedsax,,,Houghton,,HOU003c,,,,Arch_Tturg,l,,
13267_Taes_Com_HOU011a___d,13267,Feedsax,,,Houghton,,HOU011a,,,,Arch_Taes,d,,
13268_Taes_Com_HOU011a___l,13268,Feedsax,,,Houghton,,HOU011a,,,,Arch_Taes,l,,
13270_Taes_Com_HOU011b___d,13270,Feedsax,,,Houghton,,HOU011b,,,,Arch_Tcom,d,,
13271_Taes_Com_HOU011b___l,13271,Feedsax,,,Houghton,,HOU011b,,,,Arch_Tcom,l,,
13273_Taes_Com_HOU011c___d,13273,Feedsax,,,Houghton,,HOU011c,,,,Arch_Tcom,d,,
13274_Taes_Com_HOU011c___l,13274,Feedsax,,,Houghton,,HOU011c,,,,Arch_Tcom,l,,
13354_Taes_COP001b___d,13354,Feedsax,,,Coton Park,,COP001b,,,,Arch_Tcom,d,,
13355_Taes_COP001b___l,13355,Feedsax,,,Coton Park,,COP001b,,,,Arch_Tcom,l,,
13357_Taes_COP001c___d,13357,Feedsax,,,Coton Park,,COP001c,,,,Arch_Taes,d,,
13358_Taes_COP001c___l,13358,Feedsax,,,Coton Park,,COP001c,,,,Arch_Taes,l,,
13360_Taes_COP003c___d,13360,Feedsax,,,Coton Park,,COP003c,,,,Arch_Taes,d,,
13361_Taes_COP003c___l,13361,Feedsax,,,Coton Park,,COP003c,,,,Arch_Taes,l,,
13363_Taes_COP004b___d,13363,Feedsax,,,Coton Park,,COP004b,,,,Arch_Tcom,d,,
13364_Taes_COP004b___l,13364,Feedsax,,,Coton Park,,COP004b,,,,Arch_Tcom,l,,
13366_Taes_COP004c___d,13366,Feedsax,,,Coton Park,,COP004c,,,,Arch_Taes,d,,
13367_Taes_COP004c___l,13367,Feedsax,,,Coton Park,,COP004c,,,,Arch_Taes,l,,
13369_Taes_COP006a___d,13369,Feedsax,,,Coton Park,,COP006a,,,,Arch_Taes,d,,
13370_Taes_COP006a___l,13370,Feedsax,,,Coton Park,,COP006a,,,,Arch_Taes,l,,
13372_Taes_COP006b___d,13372,Feedsax,,,Coton Park,,COP006b,,,,Arch_Tcom,d,,
13373_Taes_COP006b___l,13373,Feedsax,,,Coton Park,,COP006b,,,,Arch_Tcom,l,,
13375_Taes_COP008a___d,13375,Feedsax,,,Coton Park,,COP008a,,,,Arch_Tcom,d,,
13376_Taes_COP008a___l,13376,Feedsax,,,Coton Park,,COP008a,,,,Arch_Tcom,l,,
13381_Taes_COP012c___d,13381,Feedsax,,,Coton Park,,COP012c,,,,Arch_Tcom,d,,
13382_Taes_COP012c___l,13382,Feedsax,,,Coton Park,,COP012c,,,,Arch_Tcom,l,,
13387_Taes_COP015a___d,13387,Feedsax,,,Coton Park,,COP015a,,,,Arch_Tcom,d,,
13388_Taes_COP015a___l,13388,Feedsax,,,Coton Park,,COP015a,,,,Arch_Tcom,l,,
13390_Taes_COP015c___d,13390,Feedsax,,,Coton Park,,COP015c,,,,Arch_Tcom,d,,
13391_Taes_COP015c___l,13391,Feedsax,,,Coton Park,,COP015c,,,,Arch_Tcom,l,,
13393_FT_MID027a__d,13393,Feedsax,,,Mildenhall,,MID027a,Pit,c6-11,,Arch_Tcom,d,,
13394_FT_MID027a__l,13394,Feedsax,,,Mildenhall,,MID027a,Pit,c6-11,,Arch_Tcom,l,,
13402_FT_MID027b__d,13402,Feedsax,,,Mildenhall,,MID027b,Pit,c6-11,,Adur,d,,
13403_FT_MID027b__l,13403,Feedsax,,,Mildenhall,,MID027b,Pit,c6-11,,Adur,l,,
13405_FT_MID027c__d,13405,Feedsax,,,Mildenhall,,MID027c,Pit,c6-11,,Arch_Tcom,d,,
13406_FT_MID027c__l,13406,Feedsax,,,Mildenhall,,MID027c,Pit,c6-11,,Arch_Tcom,l,,
13408_FT_MID008a__d,13408,Feedsax,,,Mildenhall,,MID008a,Ditch,c11-13,,Arch_Tcom,d,,
13409_FT_MID008a__l,13409,Feedsax,,,Mildenhall,,MID008a,Ditch,c11-13,,Arch_Tcom,l,,
13411_FT_MID008b__d,13411,Feedsax,,,Mildenhall,,MID008b,Ditch,c11-13,,Arch_Taes,d,,
13412_FT_MID008b__l,13412,Feedsax,,,Mildenhall,,MID008b,Ditch,c11-13,,Arch_Taes,l,,
13414_FT_MID008c__d,13414,Feedsax,,,Mildenhall,,MID008c,Ditch,c11-13,,Arch_Tcom,d,,
13415_FT_MID008c__l,13415,Feedsax,,,Mildenhall,,MID008c,Ditch,c11-13,,Arch_Tcom,l,,
13417_FT_MID020a__d,13417,Feedsax,,,Mildenhall,,MID020a,pit,c6-11,,Arch_Tcom,d,,
13418_FT_MID020a__l,13418,Feedsax,,,Mildenhall,,MID020a,pit,c6-11,,Arch_Tcom,l,,
13420_FT_MID020b__d,13420,Feedsax,,,Mildenhall,,MID020b,pit,c6-11,,Arch_Tcom,d,,
13421_FT_MID020b__l,13421,Feedsax,,,Mildenhall,,MID020b,pit,c6-11,,Arch_Tcom,l,,
13423_FT_MID023a__d,13423,Feedsax,,,Mildenhall,,MID023a,pit,c6-11,,Arch_Taes,d,,
13424_FT_MID023a__l,13424,Feedsax,,,Mildenhall,,MID023a,pit,c6-11,,Arch_Taes,l,,
13426_FT_MID023b__d,13426,Feedsax,,,Mildenhall,,MID023b,pit,c6-11,,Arch_Taes,d,,
13427_FT_MID023b__l,13427,Feedsax,,,Mildenhall,,MID023b,pit,c6-11,,Arch_Taes,l,,
13429_FT_MID023c__d,13429,Feedsax,,,Mildenhall,,MID023c,pit,c6-11,,Arch_Taes,d,,
13430_FT_MID023c__l,13430,Feedsax,,,Mildenhall,,MID023c,pit,c6-11,,Arch_Taes,l,,
13432_FT_MID015a__d,13432,Feedsax,,,Mildenhall,,MID015a,pit,c7-9,,Arch_Taes,d,,
13433_FT_MID015a__l,13433,Feedsax,,,Mildenhall,,MID015a,pit,c7-9,,Arch_Taes,l,,
13435_FT_MID015b__d,13435,Feedsax,,,Mildenhall,,MID015b,pit,c7-9,,Arch_Tcom,d,,
13436_FT_MID015b__l,13436,Feedsax,,,Mildenhall,,MID015b,pit,c7-9,,Arch_Tcom,l,,
13438_FT_MID015c__d,13438,Feedsax,,,Mildenhall,,MID015c,pit,c7-9,,Arch_Taes,d,,
13439_FT_MID015c__l,13439,Feedsax,,,Mildenhall,,MID015c,pit,c7-9,,Arch_Taes,l,,
13441_FT_MID028a__d,13441,Feedsax,,,Mildenhall,,MID028a,pit,c6-11,,Arch_Taes,d,,
13442_FT_MID028a__l,13442,Feedsax,,,Mildenhall,,MID028a,pit,c6-11,,Arch_Taes,l,,
13444_FT_MID028b__d,13444,Feedsax,,,Mildenhall,,MID028b,pit,c6-11,,Arch_Tcom,d,,
13445_FT_MID028b__l,13445,Feedsax,,,Mildenhall,,MID028b,pit,c6-11,,Arch_Tcom,l,,
13447_FT_MID028c__d,13447,Feedsax,,,Mildenhall,,MID028c,pit,c6-11,,Arch_Taes,d,,
13448_FT_MID028c__l,13448,Feedsax,,,Mildenhall,,MID028c,pit,c6-11,,Arch_Taes,l,,
13450_FT_MID019a__d,13450,Feedsax,,,Mildenhall,,MID019a,pit,c6-11,,Arch_Tcom,d,,
13451_FT_MID019a__l,13451,Feedsax,,,Mildenhall,,MID019a,pit,c6-11,,Arch_Tcom,l,,
13453_FT_MID019b__d,13453,Feedsax,,,Mildenhall,,MID019b,pit,c6-11,,Arch_Taes,d,,
13454_FT_MID019b__l,13454,Feedsax,,,Mildenhall,,MID019b,pit,c6-11,,Arch_Taes,l,,
13456_FT_MID013a__d,13456,Feedsax,,,Mildenhall,,MID013a,pit,c11-13,,Arch_Taes,d,,
13457_FT_MID013a__l,13457,Feedsax,,,Mildenhall,,MID013a,pit,c11-13,,Arch_Taes,l,,
13459_FT_MID013b__d,13459,Feedsax,,,Mildenhall,,MID013b,pit,c11-13,,Arch_Taes,d,,
13460_FT_MID013b__l,13460,Feedsax,,,Mildenhall,,MID013b,pit,c11-13,,Arch_Taes,l,,
13462_FT_MID013c__d,13462,Feedsax,,,Mildenhall,,MID013c,pit,c11-13,,Arch_Taes,d,,
13463_FT_MID013c__l,13463,Feedsax,,,Mildenhall,,MID013c,pit,c11-13,,Arch_Taes,l,,
13465_FT_MID014a__d,13465,Feedsax,,,Mildenhall,,MID014a,Layer,c11-13,,Arch_Tcom,d,,
13466_FT_MID014a__l,13466,Feedsax,,,Mildenhall,,MID014a,Layer,c11-13,,Arch_Tcom,l,,
13468_FT_MID014b__d,13468,Feedsax,,,Mildenhall,,MID014b,Layer,c11-13,,Arch_Tcom,d,,
13469_FT_MID014b__l,13469,Feedsax,,,Mildenhall,,MID014b,Layer,c11-13,,Arch_Tcom,l,,
13471_FT_MID014c__d,13471,Feedsax,,,Mildenhall,,MID014c,Layer,c11-13,,Arch_Taes,d,,
13472_FT_MID014c__l,13472,Feedsax,,,Mildenhall,,MID014c,Layer,c11-13,,Arch_Taes,l,,
13474_FT_MID030a__d,13474,Feedsax,,,Mildenhall,,MID030a,Layer,c11-13,,Arch_Tcom,d,,
13475_FT_MID030a__l,13475,Feedsax,,,Mildenhall,,MID030a,Layer,c11-13,,Arch_Tcom,l,,
13477_FT_MID030b__d,13477,Feedsax,,,Mildenhall,,MID030b,Layer,c11-13,,Arch_Tcom,d,,
13478_FT_MID030b__l,13478,Feedsax,,,Mildenhall,,MID030b,Layer,c11-13,,Arch_Tcom,l,,
13480_FT_MID022a__d,13480,Feedsax,,,Mildenhall,,MID022a,pit,c7-9,,Arch_Tcom,d,,
13481_FT_MID022a__l,13481,Feedsax,,,Mildenhall,,MID022a,pit,c7-9,,Arch_Tcom,l,,
13525__COP012a__d,13525,Feedsax,,,Coton Park,,COP012a,,,,Arch_Tcom,d,,
13526__COP012a__l,13526,Feedsax,,,Coton Park,,COP012a,,,,Arch_Tcom,l,,
13483_Arch_BOP001c__d,13483,Feedsax,,,Botolph Bridge,BOP001c,,,,,Arch_Tcom,d,,
13484_Arch_BOP001c__l,13484,Feedsax,,,Botolph Bridge,BOP001c,,,,,Arch_Tcom,l,,
13485_Arch_BOP004a__d,13485,Feedsax,,,Botolph Bridge,BOP004a,,,,,Arch_Tturg,d,,
13486_Arch_BOP004a__l,13486,Feedsax,,,Botolph Bridge,BOP004a,,,,,Arch_Tturg,l,,
13487_Arch_BOP004b__d,13487,Feedsax,,,Botolph Bridge,BOP004b,,,,,Arch_Tturg,d,,
13488_Arch_BOP004b__l,13488,Feedsax,,,Botolph Bridge,BOP004b,,,,,Arch_Tturg,l,,
13489_Arch_BOP006a__d,13489,Feedsax,,,Botolph Bridge,BOP006a,,,,,Arch_Taes,d,,
13490_Arch_BOP006a__l,13490,Feedsax,,,Botolph Bridge,BOP006a,,,,,Arch_Taes,l,,
13491_Arch_BOP006c__d,13491,Feedsax,,,Botolph Bridge,BOP006c,,,,,Arch_Tcom,d,,
13492_Arch_BOP006c__l,13492,Feedsax,,,Botolph Bridge,BOP006c,,,,,Arch_Tcom,l,,
13493_Arch_BOP007c__d,13493,Feedsax,,,Botolph Bridge,BOP007c,,,,,Arch_Taes,d,,
13494_Arch_BOP007c__l,13494,Feedsax,,,Botolph Bridge,BOP007c,,,,,Arch_Taes,l,,
13495_Arch_BOP009c__d,13495,Feedsax,,,Botolph Bridge,BOP009c,,,,,Arch_Tcom,d,,
13496_Arch_BOP009c__l,13496,Feedsax,,,Botolph Bridge,BOP009c,,,,,Arch_Tcom,l,,
13497_Arch_BOP011a__d,13497,Feedsax,,,Botolph Bridge,BOP011a,,,,,Arch_Tturg,d,,
13498_Arch_BOP011a__l,13498,Feedsax,,,Botolph Bridge,BOP011a,,,,,Arch_Tturg,l,,
13499_Arch_BOP011b__d,13499,Feedsax,,,Botolph Bridge,BOP011b,,,,,Arch_Taes,d,,
13500_Arch_BOP011b__l,13500,Feedsax,,,Botolph Bridge,BOP011b,,,,,Arch_Taes,l,,
13501_Arch_BOP011c__d,13501,Feedsax,,,Botolph Bridge,BOP011c,,,,,Arch_Taes,d,,
13502_Arch_BOP011c__l,13502,Feedsax,,,Botolph Bridge,BOP011c,,,,,Arch_Taes,l,,
13503_Arch_BOP012a__d,13503,Feedsax,,,Botolph Bridge,BOP012a,,,,,Arch_Tcom,d,,
13504_Arch_BOP012a__l,13504,Feedsax,,,Botolph Bridge,BOP012a,,,,,Arch_Tcom,l,,
13505_Arch_BOP012c__d,13505,Feedsax,,,Botolph Bridge,BOP012c,,,,,Arch_Tturg,d,,
13506_Arch_BOP012c__l,13506,Feedsax,,,Botolph Bridge,BOP012c,,,,,Arch_Tturg,l,,
13507_Arch_BOP014c__d,13507,Feedsax,,,Botolph Bridge,BOP014c,,,,,Arch_Taes,d,,
13508_Arch_BOP014c__l,13508,Feedsax,,,Botolph Bridge,BOP014c,,,,,Arch_Taes,l,,
13509_Arch_BOP015c__d,13509,Feedsax,,,Botolph Bridge,BOP015c,,,,,Arch_Tcom,d,,
13510_Arch_BOP015c__l,13510,Feedsax,,,Botolph Bridge,BOP015c,,,,,Arch_Tcom,l,,
13511_Arch_BOP017a__d,13511,Feedsax,,,Botolph Bridge,BOP017a,,,,,Arch_Tturg,d,,
13512_Arch_BOP017a__l,13512,Feedsax,,,Botolph Bridge,BOP017a,,,,,Arch_Tturg,l,,
13513_Arch_BOP017b__d,13513,Feedsax,,,Botolph Bridge,BOP017b,,,,,Arch_Tcom,d,,
13514_Arch_BOP017b__l,13514,Feedsax,,,Botolph Bridge,BOP017b,,,,,Arch_Tcom,l,,
13515_Arch_BOP017c__d,13515,Feedsax,,,Botolph Bridge,BOP017c,,,,,Arch_Tcom,d,,
13516_Arch_BOP017c__l,13516,Feedsax,,,Botolph Bridge,BOP017c,,,,,Arch_Tcom,l,,
13517_Arch_BOP020a__d,13517,Feedsax,,,Botolph Bridge,BOP020a,,,,,Arch_Tcom,d,,
13518_Arch_BOP020a__l,13518,Feedsax,,,Botolph Bridge,BOP020a,,,,,Arch_Tcom,l,,
13519_Arch_BOP022a__d,13519,Feedsax,,,Botolph Bridge,BOP022a,,,,,Arch_Tcom,d,,
13520_Arch_BOP022a__l,13520,Feedsax,,,Botolph Bridge,BOP022a,,,,,Arch_Tcom,l,,
13521_Arch_BOP022b__d,13521,Feedsax,,,Botolph Bridge,BOP022b,,,,,Arch_Tcom,d,,
13522_Arch_BOP022b__l,13522,Feedsax,,,Botolph Bridge,BOP022b,,,,,Arch_Tcom,l,,
13523_Arch_BOP022c__d,13523,Feedsax,,,Botolph Bridge,BOP022c,,,,,Arch_Taes,d,,
13524_Arch_BOP022c__l,13524,Feedsax,,,Botolph Bridge,BOP022c,,,,,Arch_Taes,l,,
13527_Arch_BOP015a__d,13527,Feedsax,,,Botolph Bridge,BOP015a,,,,,Arch_Taes,d,,
13528_Arch_BOP015a__l,13528,Feedsax,,,Botolph Bridge,BOP015a,,,,,Arch_Taes,l,,
13529_Arch_BOP002c__d,13529,Feedsax,,,Botolph Bridge,BOP002c,,,,,Arch_Tturg,d,,
13530_Arch_BOP002c__l,13530,Feedsax,,,Botolph Bridge,BOP002c,,,,,Arch_Tturg,l,,
13531_Arch_BOP002a__d,13531,Feedsax,,,Botolph Bridge,BOP002a,,,,,Arch_Tcom,d,,
13532_Arch_BOP002a__l,13532,Feedsax,,,Botolph Bridge,BOP002a,,,,,Arch_Tcom,l,,
13535_Arch_BOP014a__d,13535,Feedsax,,,Botolph Bridge,BOP014a,,,,,Arch_Tturg,d,,
13536_Arch_BOP014a__l,13536,Feedsax,,,Botolph Bridge,BOP014a,,,,,Arch_Tturg,l,,
14000_ORLBB00_FT_97__S1_1x1_d,14000,Nikon,1x,1,Botolph Bridge,ORLBB00,97,493,,S1,Arch_Tcom,d,,
14001_ORLBB00_FT_97__S1_1x1_l,14001,Nikon,1x,1,Botolph Bridge,ORLBB00,97,493,,S1,Arch_Tcom,l,,
14002_ORLBB00_SphaeroCompac_97__S1_1x1_d,14002,Nikon,1x,1,Botolph Bridge,ORLBB00,97,493,,S1,Arch_Tcom,d,,
14003_ORLBB00_SphaeroCompac_97__S1_1x1_l,14003,Nikon,1x,1,Botolph Bridge,ORLBB00,97,493,,S1,Arch_Tcom,l,,
14004_ORLBB00_SphaeroCompac_97__S2_1x1_d,14004,Nikon,1x,1,Botolph Bridge,ORLBB00,97,493,,S2,Arch_Tcom,d,,
14005_ORLBB00_SphaeroCompac_97__S2_1x1_l,14005,Nikon,1x,1,Botolph Bridge,ORLBB00,97,493,,S2,Arch_Tcom,l,,
14006_ORLBB99_FT_18__S1_1x1_d,14006,Nikon,1x,1,Botolph Bridge,ORLBB99,18,142,,S1,Arch_Taes,d,,
14007_ORLBB99_FT_18__S1_1x1_l,14007,Nikon,1x,1,Botolph Bridge,ORLBB99,18,142,,S1,Arch_Taes,l,,
14008_ORLBB99_Sphaero_36__S1_1x1_d,14008,Nikon,1x,1,Botolph Bridge,ORLBB99,36,198,,S1,Arch_Taes,d,,
14009_ORLBB99_Sphaero_36__S1_1x1_l,14009,Nikon,1x,1,Botolph Bridge,ORLBB99,36,198,,S1,Arch_Taes,l,,
14010_ORLBB00_NoID_145__S1_1x1_d,14010,Nikon,1x,1,Botolph Bridge,ORLBB00,145,900,,S1,Arch_Tcom,d,,
14011_ORLBB00_NoID_145__S1_1x1_l,14011,Nikon,1x,1,Botolph Bridge,ORLBB00,145,900,,S1,Arch_Tcom,l,,
14012_ORLBB00_NoID_145__S2_1x1_d,14012,Nikon,1x,1,Botolph Bridge,ORLBB00,145,900,,S2,Arch_Tcom,d,,
14013_ORLBB00_NoID_145__S2_1x1_l,14013,Nikon,1x,1,Botolph Bridge,ORLBB00,145,900,,S2,Arch_Tcom,l,,
14014_Houghton_FT_07094__S1_1x1_d,14014,Nikon,1x,1,Houghton,Houghton,7094,7094,,S1,Arch_Tcom,d,,
14015_Houghton_FT_07094__S1_1x1_l,14015,Nikon,1x,1,Houghton,Houghton,7094,7094,,S1,Arch_Tcom,l,,
14016_Houghton_FT_07094__S2_1x1_d,14016,Nikon,1x,1,Houghton,Houghton,7094,7094,,S2,Arch_Tturg,d,,
14017_Houghton_FT_07094__S2_1x1_l,14017,Nikon,1x,1,Houghton,Houghton,7094,7094,,S2,Arch_Tturg,l,,
14018_Houghton_FT_07094__S3_1x1_d,14018,Nikon,1x,1,Houghton,Houghton,7094,7094,,S3,Adur,d,,
14019_Houghton_FT_07094__S3_1x1_l,14019,Nikon,1x,1,Houghton,Houghton,7094,7094,,S3,Adur,l,,
14020_Houghton_FT_07094__S4_1x1_d,14020,Nikon,1x,1,Houghton,Houghton,7094,7094,,S4,Arch_Tcom,d,,
14021_Houghton_FT_07094__S4_1x1_l,14021,Nikon,1x,1,Houghton,Houghton,7094,7094,,S4,Arch_Tcom,l,,
14022_Houghton_FT_07094__S5_1x1_d,14022,Nikon,1x,1,Houghton,Houghton,7094,7094,,S5,Arch_Tcom,d,,
14023_Houghton_FT_07094__S5_1x1_l,14023,Nikon,1x,1,Houghton,Houghton,7094,7094,,S5,Arch_Tcom,l,,
14024_Houghton_FT_07094__S6_1x1_d,14024,Nikon,1x,1,Houghton,Houghton,7094,7094,,S6,Arch_Tturg,d,,
14025_Houghton_FT_07094__S6_1x1_l,14025,Nikon,1x,1,Houghton,Houghton,7094,7094,,S6,Arch_Tturg,l,,
14026_Houghton_FT_07094__S7_1x1_d,14026,Nikon,1x,1,Houghton,Houghton,7094,7094,,S7,Adur,d,,
14027_Houghton_FT_07094__S7_1x1_l,14027,Nikon,1x,1,Houghton,Houghton,7094,7094,,S7,Adur,l,,
14028_Houghton_FT_07094__S8_1x1_d,14028,Nikon,1x,1,Houghton,Houghton,7094,7094,,S8,Arch_Tcom,d,,
14029_Houghton_FT_07094__S8_1x1_l,14029,Nikon,1x,1,Houghton,Houghton,7094,7094,,S8,Arch_Tcom,l,,
14030_Houghton_FT_07094__S9_1x1_d,14030,Nikon,1x,1,Houghton,Houghton,7094,7094,,S9,Arch_Tturg,d,,
14031_Houghton_FT_07094__S9_1x1_l,14031,Nikon,1x,1,Houghton,Houghton,7094,7094,,S9,Arch_Tturg,l,,
14032_Houghton_FT_07094__S10_1x1_d,14032,Nikon,1x,1,Houghton,Houghton,7094,7094,,S10,Arch_Tcom,d,,
14033_Houghton_FT_07094__S10_1x1_l,14033,Nikon,1x,1,Houghton,Houghton,7094,7094,,S10,Arch_Tcom,l,,
14034_Houghton_FT_07094__S11_1x1_d,14034,Nikon,1x,1,Houghton,Houghton,7094,7094,,S11,Arch_Tturg,d,,
14035_Houghton_FT_07094__S11_1x1_l,14035,Nikon,1x,1,Houghton,Houghton,7094,7094,,S11,Arch_Tturg,l,,
14036_Houghton_FT_07094__S12_1x1_d,14036,Nikon,1x,1,Houghton,Houghton,7094,7094,,S12,Arch_Tturg,d,,
14037_Houghton_FT_07094__S12_1x1_l,14037,Nikon,1x,1,Houghton,Houghton,7094,7094,,S12,Arch_Tturg,l,,
14038_Houghton_FT_07094__S13_1x1_d,14038,Nikon,1x,1,Houghton,Houghton,7094,7094,,S13,Arch_Tturg,d,,
14039_Houghton_FT_07094__S13_1x1_l,14039,Nikon,1x,1,Houghton,Houghton,7094,7094,,S13,Arch_Tturg,l,,
14040_Houghton_FT_07094__S14_1x1_d,14040,Nikon,1x,1,Houghton,Houghton,7094,7094,,S14,Arch_Tturg,d,,
14041_Houghton_FT_07094__S14_1x1_l,14041,Nikon,1x,1,Houghton,Houghton,7094,7094,,S14,Arch_Tturg,l,,
14042_Houghton_FT_07094__S15_1x1_d,14042,Nikon,1x,1,Houghton,Houghton,7094,7094,,S15,Arch_Tturg,d,,
14043_Houghton_FT_07094__S15_1x1_l,14043,Nikon,1x,1,Houghton,Houghton,7094,7094,,S15,Arch_Tturg,l,,
14044_Houghton_FT_07094__S16_1x1_d,14044,Nikon,1x,1,Houghton,Houghton,7094,7094,,S16,Arch_Tturg,d,,
14045_Houghton_FT_07094__S16_1x1_l,14045,Nikon,1x,1,Houghton,Houghton,7094,7094,,S16,Arch_Tturg,l,,
14046_Houghton_FT_07094__S17_1x1_d,14046,Nikon,1x,1,Houghton,Houghton,7094,7094,,S17,Arch_Tturg,d,,
14047_Houghton_FT_07094__S17_1x1_l,14047,Nikon,1x,1,Houghton,Houghton,7094,7094,,S17,Arch_Tturg,l,,
14048_Houghton_FT_07094__S18_1x1_d,14048,Nikon,1x,1,Houghton,Houghton,7094,7094,,S18,Arch_Tturg,d,,
14049_Houghton_FT_07094__S18_1x1_l,14049,Nikon,1x,1,Houghton,Houghton,7094,7094,,S18,Arch_Tturg,l,,
14050_Houghton_FT_07094__S19_1x1_d,14050,Nikon,1x,1,Houghton,Houghton,7094,7094,,S19,Arch_Tturg,d,,
14051_Houghton_FT_07094__S19_1x1_l,14051,Nikon,1x,1,Houghton,Houghton,7094,7094,,S19,Arch_Tturg,l,,
14052_Houghton_FT_07094__S20_1x1_d,14052,Nikon,1x,1,Houghton,Houghton,7094,7094,,S20,Arch_Tturg,d,,
14053_Houghton_FT_07094__S20_1x1_l,14053,Nikon,1x,1,Houghton,Houghton,7094,7094,,S20,Arch_Tturg,l,,
14054_Houghton_FT_07094__S21_1x1_d,14054,Nikon,1x,1,Houghton,Houghton,7094,7094,,S21,Arch_Tturg,d,,
14055_Houghton_FT_07094__S21_1x1_l,14055,Nikon,1x,1,Houghton,Houghton,7094,7094,,S21,Arch_Tturg,l,,
14056_Houghton_FT_07094__S22_1x1_d,14056,Nikon,1x,1,Houghton,Houghton,7094,7094,,S22,Arch_Taes,d,,
14057_Houghton_FT_07094__S22_1x1_l,14057,Nikon,1x,1,Houghton,Houghton,7094,7094,,S22,Arch_Taes,l,,
14058_Houghton_FT_07094__S23_1x1_d,14058,Nikon,1x,1,Houghton,Houghton,7094,7094,,S23,Arch_Tturg,d,,
14059_Houghton_FT_07094__S23_1x1_l,14059,Nikon,1x,1,Houghton,Houghton,7094,7094,,S23,Arch_Tturg,l,,
14060_Houghton_FT_07094__S24_1x1_d,14060,Nikon,1x,1,Houghton,Houghton,7094,7094,,S24,Arch_Taes,d,,
14061_Houghton_FT_07094__S24_1x1_l,14061,Nikon,1x,1,Houghton,Houghton,7094,7094,,S24,Arch_Taes,l,,
14062_Houghton_FT_07094__S25_1x1_d,14062,Nikon,1x,1,Houghton,Houghton,7094,7094,,S25,Arch_Tturg,d,,
14063_Houghton_FT_07094__S25_1x1_l,14063,Nikon,1x,1,Houghton,Houghton,7094,7094,,S25,Arch_Tturg,l,,
14066_Houghton_FT_07225__S1_1x1_d,14066,Nikon,1x,1,Houghton,Houghton,7225,7225,,S1,Arch_Tturg,d,,
14067_Houghton_FT_07225__S1_1x1_l,14067,Nikon,1x,1,Houghton,Houghton,7225,7225,,S1,Arch_Tturg,l,,
14068_Houghton_FT_07225__S2_1x1_d,14068,Nikon,1x,1,Houghton,Houghton,7225,7225,,S2,Arch_Tturg,d,,
14069_Houghton_FT_07225__S2_1x1_l,14069,Nikon,1x,1,Houghton,Houghton,7225,7225,,S2,Arch_Tturg,l,,
14070_Houghton_FT_07225__S3_1x1_d,14070,Nikon,1x,1,Houghton,Houghton,7225,7225,,S3,Arch_Tturg,d,,
14071_Houghton_FT_07225__S3_1x1_l,14071,Nikon,1x,1,Houghton,Houghton,7225,7225,,S3,Arch_Tturg,l,,
14072_Houghton_FT_07225__S4_1x1_d,14072,Nikon,1x,1,Houghton,Houghton,7225,7225,,S4,Arch_Tturg,d,,
14073_Houghton_FT_07225__S4_1x1_l,14073,Nikon,1x,1,Houghton,Houghton,7225,7225,,S4,Arch_Tturg,l,,
14074_Houghton_FT_07225__S5_1x1_d,14074,Nikon,1x,1,Houghton,Houghton,7225,7225,,S5,Arch_Tturg,d,,
14075_Houghton_FT_07225__S5_1x1_l,14075,Nikon,1x,1,Houghton,Houghton,7225,7225,,S5,Arch_Tturg,l,,
14076_Houghton_FT_07225__S6_1x1_d,14076,Nikon,1x,1,Houghton,Houghton,7225,7225,,S6,Arch_Tturg,d,,
14077_Houghton_FT_07225__S6_1x1_l,14077,Nikon,1x,1,Houghton,Houghton,7225,7225,,S6,Arch_Tturg,l,,
14078_Houghton_FT_07225__S7_1x1_d,14078,Nikon,1x,1,Houghton,Houghton,7225,7225,,S7,Arch_Tturg,d,,
14079_Houghton_FT_07225__S7_1x1_l,14079,Nikon,1x,1,Houghton,Houghton,7225,7225,,S7,Arch_Tturg,l,,
14080_Houghton_FT_07225__S8_1x1_d,14080,Nikon,1x,1,Houghton,Houghton,7225,7225,,S8,Arch_Taes,d,,
14081_Houghton_FT_07225__S8_1x1_l,14081,Nikon,1x,1,Houghton,Houghton,7225,7225,,S8,Arch_Taes,l,,
14082_Houghton_FT_07225__S9_1x1_d,14082,Nikon,1x,1,Houghton,Houghton,7225,7225,,S9,Arch_Tturg,d,,
14083_Houghton_FT_07225__S9_1x1_l,14083,Nikon,1x,1,Houghton,Houghton,7225,7225,,S9,Arch_Tturg,l,,
14084_Houghton_FT_07225__S10_1x1_d,14084,Nikon,1x,1,Houghton,Houghton,7225,7225,,S10,Arch_Tturg,d,,
14085_Houghton_FT_07225__S10_1x1_l,14085,Nikon,1x,1,Houghton,Houghton,7225,7225,,S10,Arch_Tturg,l,,
14086_Houghton_FT_07225__S11_1x1_d,14086,Nikon,1x,1,Houghton,Houghton,7225,7225,,S11,Arch_Tturg,d,,
14087_Houghton_FT_07225__S11_1x1_l,14087,Nikon,1x,1,Houghton,Houghton,7225,7225,,S11,Arch_Tturg,l,,
14088_Houghton_FT_07225__S12_1x1_d,14088,Nikon,1x,1,Houghton,Houghton,7225,7225,,S12,Arch_Tturg,d,,
14089_Houghton_FT_07225__S12_1x1_l,14089,Nikon,1x,1,Houghton,Houghton,7225,7225,,S12,Arch_Tturg,l,,
14090_Houghton_FT_07225__S13_1x1_d,14090,Nikon,1x,1,Houghton,Houghton,7225,7225,,S13,Arch_Taes,d,,
14091_Houghton_FT_07225__S13_1x1_l,14091,Nikon,1x,1,Houghton,Houghton,7225,7225,,S13,Arch_Taes,l,,
14092_Houghton_FT_07225__S14_1x1_d,14092,Nikon,1x,1,Houghton,Houghton,7225,7225,,S14,Arch_Tcom,d,,
14093_Houghton_FT_07225__S14_1x1_l,14093,Nikon,1x,1,Houghton,Houghton,7225,7225,,S14,Arch_Tcom,l,,
14094_Houghton_FT_07225__S15_1x1_d,14094,Nikon,1x,1,Houghton,Houghton,7225,7225,,S15,Arch_Tturg,d,,
14095_Houghton_FT_07225__S15_1x1_l,14095,Nikon,1x,1,Houghton,Houghton,7225,7225,,S15,Arch_Tturg,l,,
14098_Houghton_FT_07225__S17_1x1_d,14098,Nikon,1x,1,Houghton,Houghton,7225,7225,,S17,Arch_Tturg,d,,
14099_Houghton_FT_07225__S17_1x1_l,14099,Nikon,1x,1,Houghton,Houghton,7225,7225,,S17,Arch_Tturg,l,,
14100_Houghton_FT_07225__S18_1x1_d,14100,Nikon,1x,1,Houghton,Houghton,7225,7225,,S18,Arch_Tturg,d,RYE FORM',
14101_Houghton_FT_07225__S18_1x1_l,14101,Nikon,1x,1,Houghton,Houghton,7225,7225,,S18,Arch_Tturg,l,RYE FORM',
14102_Houghton_FT_07225__S19_1x1_d,14102,Nikon,1x,1,Houghton,Houghton,7225,7225,,S19,Arch_Tturg,d,RYE FORM',
14103_Houghton_FT_07225__S19_1x1_l,14103,Nikon,1x,1,Houghton,Houghton,7225,7225,,S19,Arch_Tturg,l,RYE FORM',
14104_Houghton_FT_07225__S20_1x1_d,14104,Nikon,1x,1,Houghton,Houghton,7225,7225,,S20,Arch_Tturg,d,RYE FORM',
14105_Houghton_FT_07225__S20_1x1_l,14105,Nikon,1x,1,Houghton,Houghton,7225,7225,,S20,Arch_Tturg,l,RYE FORM',
14106_Houghton_FT_07225__S21_1x1_d,14106,Nikon,1x,1,Houghton,Houghton,7225,7225,,S21,Arch_Tturg,d,RYE FORM',
14107_Houghton_FT_07225__S21_1x1_l,14107,Nikon,1x,1,Houghton,Houghton,7225,7225,,S21,Arch_Tturg,l,RYE FORM',
14108_Houghton_FT_07225__S22_1x1_d,14108,Nikon,1x,1,Houghton,Houghton,7225,7225,,S22,Adur,d,RYE FORM',
14109_Houghton_FT_07225__S22_1x1_l,14109,Nikon,1x,1,Houghton,Houghton,7225,7225,,S22,Adur,l,RYE FORM',
14110_Houghton_FT_07225__S23_1x1_d,14110,Nikon,1x,1,Houghton,Houghton,7225,7225,,S23,Arch_Tturg,d,RYE FORM',
14111_Houghton_FT_07225__S23_1x1_l,14111,Nikon,1x,1,Houghton,Houghton,7225,7225,,S23,Arch_Tturg,l,RYE FORM',
14112_Houghton_FT_07225__S24_1x1_d,14112,Nikon,1x,1,Houghton,Houghton,7225,7225,,S24,Arch_Taes,d,RYE FORM',
14113_Houghton_FT_07225__S24_1x1_l,14113,Nikon,1x,1,Houghton,Houghton,7225,7225,,S24,Arch_Taes,l,RYE FORM',
14114_Houghton_FT_07225__S25_1x1_d,14114,Nikon,1x,1,Houghton,Houghton,7225,7225,,S25,Arch_Tturg,d,RYE FORM',
14115_Houghton_FT_07225__S25_1x1_l,14115,Nikon,1x,1,Houghton,Houghton,7225,7225,,S25,Arch_Tturg,l,RYE FORM',
14120_WC85_Arch_Taes_45__S1_1x1_d,14120,Nikon,1x,1,West Cotton,WC85,45,174,,S1,Arch_Taes,d,,
14121_WC85_Arch_Taes_45__S1_1x1_l,14121,Nikon,1x,1,West Cotton,WC85,45,174,,S1,Arch_Taes,l,,
14122_WC85_Arch_Taes_45__S2_1x1_d,14122,Nikon,1x,1,West Cotton,WC85,45,174,,S2,Arch_Taes,d,,
14123_WC85_Arch_Taes_45__S2_1x1_l,14123,Nikon,1x,1,West Cotton,WC85,45,174,,S2,Arch_Taes,l,,
14124_WC85_Arch_Taes_615__S3_1x1_d,14124,Nikon,1x,1,West Cotton,WC85,615,4108,,S3,Arch_Taes,d,,
14125_WC85_Arch_Taes_615__S3_1x1_l,14125,Nikon,1x,1,West Cotton,WC85,615,4108,,S3,Arch_Taes,l,,
14126_WC85_Arch_Tcom_58__S4_1x1_d,14126,Nikon,1x,1,West Cotton,WC85,58,313,,S4,Arch_Tcom,d,,
14127_WC85_Arch_Tcom_58__S4_1x1_l,14127,Nikon,1x,1,West Cotton,WC85,58,313,,S4,Arch_Tcom,l,,
14128_Raunds Furnells_Arch_Tturg_2__S5_1x1_d,14128,Nikon,1x,1,Raunds 77,Raunds Furnells,2,,,S5,Arch_Tturg,d,,
14129_Raunds Furnells_Arch_Tturg_2__S5_1x1_l,14129,Nikon,1x,1,Raunds 77,Raunds Furnells,2,,,S5,Arch_Tturg,l,,
14130_Raunds Furnells_Arch_Tcom_2__S6_1x1_d,14130,Nikon,1x,1,Raunds 77,Raunds Furnells,2,,,S6,Arch_Tcom,d,,
14131_Raunds Furnells_Arch_Tcom_2__S6_1x1_l,14131,Nikon,1x,1,Raunds 77,Raunds Furnells,2,,,S6,Arch_Tcom,l,,
14132_Raunds Furnells_Arch_Tturg_2__S7_1x1_d,14132,Nikon,1x,1,Raunds 77,Raunds Furnells,2,,,S7,Arch_Tturg,d,,
14133_Raunds Furnells_Arch_Tturg_2__S7_1x1_l,14133,Nikon,1x,1,Raunds 77,Raunds Furnells,2,,,S7,Arch_Tturg,l,,
14134_1989_Trit_2539__S1_1x1_d,14134,Nikon,1x,1,Eckweek ,1989,2539,359,,S1,Arch_Tturg,d,,
14135_1989_Trit_2539__S1_1x1_l,14135,Nikon,1x,1,Eckweek,1989,2539,359,,S1,Arch_Tturg,l,,
14136_1989_Trit_2539__S2_1x1_d,14136,Nikon,1x,1,Eckweek ,1989,2539,359,,S2,Arch_Tcom,d,,
14137_1989_Trit_2539__S2_1x1_l,14137,Nikon,1x,1,Eckweek,1989,2539,359,,S2,Arch_Tcom,l,,
14138_1989_Trit_2539__S3_1x1_d,14138,Nikon,1x,1,Eckweek ,1989,2539,359,,S3,Arch_Tcom,d,,
14139_1989_Trit_2539__S3_1x1_l,14139,Nikon,1x,1,Eckweek,1989,2539,359,,S3,Arch_Tcom,l,,
14140_1989_Trit_2539__S4_1x1_d,14140,Nikon,1x,1,Eckweek ,1989,2539,359,,S4,Arch_Tcom,d,,
14141_1989_Trit_2539__S4_1x1_l,14141,Nikon,1x,1,Eckweek,1989,2539,359,,S4,Arch_Tcom,l,,
14142_1989_Trit_2539__S5_1x1_d,14142,Nikon,1x,1,Eckweek ,1989,2539,359,,S5,Arch_Tturg,d,,
14143_1989_Trit_2539__S5_1x1_l,14143,Nikon,1x,1,Eckweek,1989,2539,359,,S5,Arch_Tturg,l,,
14144_1989_Trit_2539__S6_1x1_d,14144,Nikon,1x,1,Eckweek ,1989,2539,359,,S6,Arch_Taes,d,,
14145_1989_Trit_2539__S6_1x1_l,14145,Nikon,1x,1,Eckweek,1989,2539,359,,S6,Arch_Taes,l,,
14148_1989_Trit_2539__S8_1x1_d,14148,Nikon,1x,1,Eckweek,1989,2539,359,,S8,Arch_Tcom,d,,
14149_1989_Trit_2539__S8_1x1_l,14149,Nikon,1x,1,Eckweek ,1989,2539,359,,S8,Arch_Tcom,l,,
14150_1989_Trit_2539__S9_1x1_d,14150,Nikon,1x,1,Eckweek,1989,2539,359,,S9,Adur,d,,
14151_1989_Trit_2539__S9_1x1_l,14151,Nikon,1x,1,Eckweek,1989,2539,359,,S9,Adur,l,,
14152_1989_Trit_2539__S10_1x1_d,14152,Nikon,1x,1,Eckweek ,1989,2539,359,,S10,Arch_Tcom,d,,
14153_1989_Trit_2539__S10_1x1_l,14153,Nikon,1x,1,Eckweek,1989,2539,359,,S10,Arch_Tcom,l,,
14154_1989_Trit_2539__S11_1x1_d,14154,Nikon,1x,1,Eckweek,1989,2539,359,,S11,Arch_Tcom,d,,
14155_1989_Trit_2539__S11_1x1_l,14155,Nikon,1x,1,Eckweek ,1989,2539,359,,S11,Arch_Tcom,l,,
14156_1989_Trit_2539__S12_1x1_d,14156,Nikon,1x,1,Eckweek,1989,2539,359,,S12,Arch_Tturg,d,,
14157_1989_Trit_2539__S12_1x1_l,14157,Nikon,1x,1,Eckweek,1989,2539,359,,S12,Arch_Tturg,l,,
14158_1989_Trit_2539__S13_1x1_d,14158,Nikon,1x,1,Eckweek ,1989,2539,359,,S13,Adur,d,,
14159_1989_Trit_2539__S13_1x1_l,14159,Nikon,1x,1,Eckweek ,1989,2539,359,,S13,Adur,l,,
14160_1989_Trit_2539__S14_1x1_d,14160,Nikon,1x,1,Eckweek,1989,2539,359,,S14,Arch_Tturg,d,,
14161_1989_Trit_2539__S14_1x1_l,14161,Nikon,1x,1,Eckweek,1989,2539,359,,S14,Arch_Tturg,l,,
14162_1989_Trit_2539__S15_1x1_d,14162,Nikon,1x,1,Eckweek ,1989,2539,359,,S15,Arch_Taes,d,,
14163_1989_Trit_2539__S15_1x1_l,14163,Nikon,1x,1,Eckweek ,1989,2539,359,,S15,Arch_Taes,l,,
14164_1989_Trit_2539__S16_1x1_d,14164,Nikon,1x,1,Eckweek,1989,2539,359,,S16,Arch_Tturg,d,,
14165_1989_Trit_2539__S16_1x1_l,14165,Nikon,1x,1,Eckweek,1989,2539,359,,S16,Arch_Tturg,l,,
14166_1989_Trit_2539__S17_1x1_d,14166,Nikon,1x,1,Eckweek ,1989,2539,359,,S17,Arch_Tcom,d,,
14167_1989_Trit_2539__S17_1x1_l,14167,Nikon,1x,1,Eckweek ,1989,2539,359,,S17,Arch_Tcom,l,,
14168_1989_Trit_2539__S18_1x1_d,14168,Nikon,1x,1,Eckweek,1989,2539,359,,S18,Arch_Tturg,d,,
14169_1989_Trit_2539__S18_1x1_l,14169,Nikon,1x,1,Eckweek,1989,2539,359,,S18,Arch_Tturg,l,,
14170_1989_Trit_2539__S19_1x1_d,14170,Nikon,1x,1,Eckweek ,1989,2539,359,,S19,Arch_Taes,d,,
14171_1989_Trit_2539__S19_1x1_l,14171,Nikon,1x,1,Eckweek ,1989,2539,359,,S19,Arch_Taes,l,,
14172_1989_Trit_2539__S20_1x1_d,14172,Nikon,1x,1,Eckweek,1989,2539,359,,S20,Arch_Taes,d,,
14173_1989_Trit_2539__S20_1x1_l,14173,Nikon,1x,1,Eckweek,1989,2539,359,,S20,Arch_Taes,l,,
14176_1990_Trit_3062__S1_1x1_d,14176,Nikon,1x,1,Eckweek,1990,3062,2556,,S1,Arch_Tturg,d,,
14177_1990_Trit_3062__S1_1x1_l,14177,Nikon,1x,1,Eckweek,1990,3062,2556,,S1,Arch_Tturg,l,,
14178_1989_Trit_2511__S1_1x1_d,14178,Nikon,1x,1,Eckweek ,1989,2511,170,,S1,Arch_Tcom,d,,
14179_1989_Trit_2511__S1_1x1_l,14179,Nikon,1x,1,Eckweek,1989,2511,170,,S1,Arch_Tcom,l,,
14180_1989_Trit_2511__S2_1x1_d,14180,Nikon,1x,1,Eckweek,1989,2511,170,,S2,Arch_Taes,d,poss rye?,
14181_1989_Trit_2511__S2_1x1_l,14181,Nikon,1x,1,Eckweek ,1989,2511,170,,S2,Arch_Taes,l,poss rye?,
14182_1989_Trit_2511__S3_1x1_d,14182,Nikon,1x,1,Eckweek ,1989,2511,170,,S3,Adur,d,,
14183_1989_Trit_2511__S3_1x1_l,14183,Nikon,1x,1,Eckweek,1989,2511,170,,S3,Adur,l,,
14184_1989_Trit_2511__S4_1x1_d,14184,Nikon,1x,1,Eckweek,1989,2511,170,,S4,Arch_Tturg,d,,
14185_1989_Trit_2511__S4_1x1_l,14185,Nikon,1x,1,Eckweek,1989,2511,170,,S4,Arch_Tturg,l,,
14186_1989_Trit_2552__S1_1x1_d,14186,Nikon,1x,1,Eckweek ,1989,2552,207,,S1,Arch_Tturg,d,,
14187_1989_Trit_2552__S1_1x1_l,14187,Nikon,1x,1,Eckweek ,1989,2552,207,,S1,Arch_Tturg,l,,
14188_1989_Trit_2548__S1_1x1_d,14188,Nikon,1x,1,Eckweek,1989,2548,291,,S1,Arch_Tcom,d,,
14189_1989_Trit_2548__S1_1x1_l,14189,Nikon,1x,1,Eckweek,1989,2548,291,,S1,Arch_Tcom,l,,
14264_ST34_FT indet_1069 IIB__S1_1x1_d,14264,Nikon,1x,1,Stafford Bath St,ST34,1069 IIB,1069,,S1,Arch_Taes,d,,
14265_ST34_FT indet_1069 IIB__S1_1x1_l,14265,Nikon,1x,1,Stafford Bath St,ST34,1069 IIB,1069,,S1,Arch_Taes,l,,
14266_ST34_FT indet_1069 IIB__S2_1x1_d,14266,Nikon,1x,1,Stafford Bath St,ST34,1069 IIB,1069,,S2,Arch_Taes,d,,
14267_ST34_FT indet_1069 IIB__S2_1x1_l,14267,Nikon,1x,1,Stafford Bath St,ST34,1069 IIB,1069,,S2,Arch_Taes,l,,
14268_STTIP09_Triticum_11__S1_1x1_d,14268,Nikon,1x,1,Stafford Tipping St,STTIP09,11,381,,S1,Arch_Taes,d,,
14269_STTIP09_Triticum_11__S1_1x1_l,14269,Nikon,1x,1,Stafford Tipping St,STTIP09,11,381,,S1,Arch_Taes,l,,
14270_STTIP09_Triticum_11__S2_1x1_d,14270,Nikon,1x,1,Stafford Tipping St,STTIP09,11,381,,S2,Arch_Tcom,d,,
14271_STTIP09_Triticum_11__S2_1x1_l,14271,Nikon,1x,1,Stafford Tipping St,STTIP09,11,381,,S2,Arch_Tcom,l,,
14272_STTIP09_Triticum_11__S3_1x1_d,14272,Nikon,1x,1,Stafford Tipping St,STTIP09,11,381,,S3,Arch_Taes,d,,
14273_STTIP09_Triticum_11__S3_1x1_l,14273,Nikon,1x,1,Stafford Tipping St,STTIP09,11,381,,S3,Arch_Taes,l,,
14274_STTIP09_Triticum_11__S4_1x1_d,14274,Nikon,1x,1,Stafford Tipping St,STTIP09,11,381,,S4,Arch_Tturg,d,,
14275_STTIP09_Triticum_11__S4_1x1_l,14275,Nikon,1x,1,Stafford Tipping St,STTIP09,11,381,,S4,Arch_Tturg,l,,
14276_STTIP09_Triticum_11__S5_1x1_d,14276,Nikon,1x,1,Stafford Tipping St,STTIP09,11,381,,S5,Arch_Taes,d,,
14277_STTIP09_Triticum_11__S5_1x1_l,14277,Nikon,1x,1,Stafford Tipping St,STTIP09,11,381,,S5,Arch_Taes,l,,
14282_STTIP09_Cereals_406__S2_1x1_d,14282,Nikon,1x,1,Stafford Tipping St,STTIP09,406,4319,,S2,Arch_Taes,d,,
14283_STTIP09_Cereals_406__S2_1x1_l,14283,Nikon,1x,1,Stafford Tipping St,STTIP09,406,4319,,S2,Arch_Taes,l,,
14284_STTIP09_Cereals_406__S3_1x1_d,14284,Nikon,1x,1,Stafford Tipping St,STTIP09,406,4319,,S3,Arch_Taes,d,,
14285_STTIP09_Cereals_406__S3_1x1_l,14285,Nikon,1x,1,Stafford Tipping St,STTIP09,406,4319,,S3,Arch_Taes,l,,
14286_STTIP09_Cereals_406__S4_1x1_d,14286,Nikon,1x,1,Stafford Tipping St,STTIP09,406,4319,,S4,Arch_Tcom,d,,
14287_STTIP09_Cereals_406__S4_1x1_l,14287,Nikon,1x,1,Stafford Tipping St,STTIP09,406,4319,,S4,Arch_Tcom,l,,
14288_STTIP09_Cereals_406__S5_1x1_d,14288,Nikon,1x,1,Stafford Tipping St,STTIP09,406,4319,,S5,Arch_Tcom,d,,
14289_STTIP09_Cereals_406__S5_1x1_l,14289,Nikon,1x,1,Stafford Tipping St,STTIP09,406,4319,,S5,Arch_Tcom,l,,
14292_STTIP09_Cereals_406__S7_1x1_d,14292,Nikon,1x,1,Stafford Tipping St,STTIP09,406,4319,,S7,Arch_Tturg,d,,
14293_STTIP09_Cereals_406__S7_1x1_l,14293,Nikon,1x,1,Stafford Tipping St,STTIP09,406,4319,,S7,Arch_Tturg,l,,
14294_STTIP09_Cereals_406__S8_1x1_d,14294,Nikon,1x,1,Stafford Tipping St,STTIP09,406,4319,,S8,Arch_Tturg,d,,
14295_STTIP09_Cereals_406__S8_1x1_l,14295,Nikon,1x,1,Stafford Tipping St,STTIP09,406,4319,,S8,Arch_Tturg,l,,
14300_STTIP09_Cereals_406__S11_1x1_d,14300,Nikon,1x,1,Stafford Tipping St,STTIP09,406,4319,,S11,Arch_Tturg,d,,
14301_STTIP09_Cereals_406__S11_1x1_l,14301,Nikon,1x,1,Stafford Tipping St,STTIP09,406,4319,,S11,Arch_Tturg,l,,
14304_STTIP09_Cereals_406__S13_1x1_d,14304,Nikon,1x,1,Stafford Tipping St,STTIP09,406,4319,,S13,Arch_Taes,d,,
14305_STTIP09_Cereals_406__S13_1x1_l,14305,Nikon,1x,1,Stafford Tipping St,STTIP09,406,4319,,S13,Arch_Taes,l,,
14310_STTIP09_Triticum_205__S1_1x1_d,14310,Nikon,1x,1,Stafford Tipping St,STTIP09,205,3203,,S1,Adur,d,,
14311_STTIP09_Triticum_205__S1_1x1_l,14311,Nikon,1x,1,Stafford Tipping St,STTIP09,205,3203,,S1,Adur,l,,
14312_STTIP09_Triticum_205__S2_1x1_d,14312,Nikon,1x,1,Stafford Tipping St,STTIP09,205,3203,,S2,Arch_Taes,d,,
14313_STTIP09_Triticum_205__S2_1x1_l,14313,Nikon,1x,1,Stafford Tipping St,STTIP09,205,3203,,S2,Arch_Taes,l,,
14314_STTIP09_Triticum_205__S3_1x1_d,14314,Nikon,1x,1,Stafford Tipping St,STTIP09,205,3203,,S3,Adur,d,,
14315_STTIP09_Triticum_205__S3_1x1_l,14315,Nikon,1x,1,Stafford Tipping St,STTIP09,205,3203,,S3,Adur,l,,
14320_STTIP09_Triticum_205__S6_1x1_d,14320,Nikon,1x,1,Stafford Tipping St,STTIP09,205,3203,,S6,Arch_Tturg,d,,
14321_STTIP09_Triticum_205__S6_1x1_l,14321,Nikon,1x,1,Stafford Tipping St,STTIP09,205,3203,,S6,Arch_Tturg,l,,
14322_STTIP09_Triticum_205__S7_1x1_d,14322,Nikon,1x,1,Stafford Tipping St,STTIP09,205,3203,,S7,Arch_Tcom,d,,
14323_STTIP09_Triticum_205__S7_1x1_l,14323,Nikon,1x,1,Stafford Tipping St,STTIP09,205,3203,,S7,Arch_Tcom,l,,
14326_STTIP09_Triticum_205__S9_1x1_d,14326,Nikon,1x,1,Stafford Tipping St,STTIP09,205,3203,,S9,Arch_Taes,d,,
14327_STTIP09_Triticum_205__S9_1x1_l,14327,Nikon,1x,1,Stafford Tipping St,STTIP09,205,3203,,S9,Arch_Taes,l,,
14330_STTIP09_Triticum_205__S11_1x1_d,14330,Nikon,1x,1,Stafford Tipping St,STTIP09,205,3203,,S11,Arch_Tcom,d,,
14331_STTIP09_Triticum_205__S11_1x1_l,14331,Nikon,1x,1,Stafford Tipping St,STTIP09,205,3203,,S11,Arch_Tcom,l,,
14334_STTIP09_Triticum_205__S13_1x1_d,14334,Nikon,1x,1,Stafford Tipping St,STTIP09,205,3203,,S13,Arch_Taes,d,,
14335_STTIP09_Triticum_205__S13_1x1_l,14335,Nikon,1x,1,Stafford Tipping St,STTIP09,205,3203,,S13,Arch_Taes,l,,
14336_STTIP09_Triticum_205__S14_1x1_d,14336,Nikon,1x,1,Stafford Tipping St,STTIP09,205,3203,,S14,Arch_Tcom,d,,
14337_STTIP09_Triticum_205__S14_1x1_l,14337,Nikon,1x,1,Stafford Tipping St,STTIP09,205,3203,,S14,Arch_Tcom,l,,
14338_STTIP09_Triticum_203__S1_1x1_d,14338,Nikon,1x,1,Stafford Tipping St,STTIP09,203,3201,,S1,Arch_Taes,d,,
14339_STTIP09_Triticum_203__S1_1x1_l,14339,Nikon,1x,1,Stafford Tipping St,STTIP09,203,3201,,S1,Arch_Taes,l,,
14340_STTIP09_Triticum_203__S2_1x1_d,14340,Nikon,1x,1,Stafford Tipping St,STTIP09,203,3201,,S2,Arch_Taes,d,,
14341_STTIP09_Triticum_203__S2_1x1_l,14341,Nikon,1x,1,Stafford Tipping St,STTIP09,203,3201,,S2,Arch_Taes,l,,
14342_STTIP09_Triticum_203__S3_1x1_d,14342,Nikon,1x,1,Stafford Tipping St,STTIP09,203,3201,,S3,Arch_Taes,d,,
14343_STTIP09_Triticum_203__S3_1x1_l,14343,Nikon,1x,1,Stafford Tipping St,STTIP09,203,3201,,S3,Arch_Taes,l,,
14344_STTIP09_Triticum_203__S4_1x1_d,14344,Nikon,1x,1,Stafford Tipping St,STTIP09,203,3201,,S4,Arch_Tcom,d,,
14345_STTIP09_Triticum_203__S4_1x1_l,14345,Nikon,1x,1,Stafford Tipping St,STTIP09,203,3201,,S4,Arch_Tcom,l,,
14346_STTIP09_Triticum_204__S1_1x1_d,14346,Nikon,1x,1,Stafford Tipping St,STTIP09,204,3205,,S1,Arch_Taes,d,,
14347_STTIP09_Triticum_204__S1_1x1_l,14347,Nikon,1x,1,Stafford Tipping St,STTIP09,204,3205,,S1,Arch_Taes,l,,
14348_STTIP09_Triticum_204__S2_1x1_d,14348,Nikon,1x,1,Stafford Tipping St,STTIP09,204,3205,,S2,Arch_Tcom,d,,
14349_STTIP09_Triticum_204__S2_1x1_l,14349,Nikon,1x,1,Stafford Tipping St,STTIP09,204,3205,,S2,Arch_Tcom,l,,
14350_STTIP09_Triticum_204__S3_1x1_d,14350,Nikon,1x,1,Stafford Tipping St,STTIP09,204,3205,,S3,Arch_Tturg,d,,
14351_STTIP09_Triticum_204__S3_1x1_l,14351,Nikon,1x,1,Stafford Tipping St,STTIP09,204,3205,,S3,Arch_Tturg,l,,
14352_STTIP09_Triticum_204__S4_1x1_d,14352,Nikon,1x,1,Stafford Tipping St,STTIP09,204,3205,,S4,Arch_Tturg,d,,
14353_STTIP09_Triticum_204__S4_1x1_l,14353,Nikon,1x,1,Stafford Tipping St,STTIP09,204,3205,,S4,Arch_Tturg,l,,
14354_STTIP09_Triticum_204__S5_1x1_d,14354,Nikon,1x,1,Stafford Tipping St,STTIP09,204,3205,,S5,Arch_Taes,d,,
14355_STTIP09_Triticum_204__S5_1x1_l,14355,Nikon,1x,1,Stafford Tipping St,STTIP09,204,3205,,S5,Arch_Taes,l,,
14356_STTIP09_Triticum_204__S6_1x1_d,14356,Nikon,1x,1,Stafford Tipping St,STTIP09,204,3205,,S6,Arch_Tcom,d,,
14357_STTIP09_Triticum_204__S6_1x1_l,14357,Nikon,1x,1,Stafford Tipping St,STTIP09,204,3205,,S6,Arch_Tcom,l,,
14358_STTIP09_Triticum_204__S7_1x1_d,14358,Nikon,1x,1,Stafford Tipping St,STTIP09,204,3205,,S7,Arch_Tcom,d,,
14359_STTIP09_Triticum_204__S7_1x1_l,14359,Nikon,1x,1,Stafford Tipping St,STTIP09,204,3205,,S7,Arch_Tcom,l,,
14360_STTIP09_Triticum_204__S8_1x1_d,14360,Nikon,1x,1,Stafford Tipping St,STTIP09,204,3205,,S8,Arch_Taes,d,,
14361_STTIP09_Triticum_204__S8_1x1_l,14361,Nikon,1x,1,Stafford Tipping St,STTIP09,204,3205,,S8,Arch_Taes,l,,
14362_STTIP09_Cereals_405__S1_1x1_d,14362,Nikon,1x,1,Stafford Tipping St,STTIP09,405,4306,,S1,Arch_Tturg,d,,
14363_STTIP09_Cereals_405__S1_1x1_l,14363,Nikon,1x,1,Stafford Tipping St,STTIP09,405,4306,,S1,Arch_Tturg,l,,
14364_STTIP09_Cereals_405__S2_1x1_d,14364,Nikon,1x,1,Stafford Tipping St,STTIP09,405,4306,,S2,Arch_Taes,d,,
14365_STTIP09_Cereals_405__S2_1x1_l,14365,Nikon,1x,1,Stafford Tipping St,STTIP09,405,4306,,S2,Arch_Taes,l,,
14366_ST29_T aestivum_2134__S1_1x1_d,14366,Nikon,1x,1,Stafford St Marys Grove,ST29,2134,2134,,S1,Arch_Taes,d,,
14367_ST29_T aestivum_2134__S1_1x1_l,14367,Nikon,1x,1,Stafford St Marys Grove,ST29,2134,2134,,S1,Arch_Taes,l,,
14368_ST29_T aestivum_2134__S2_1x1_d,14368,Nikon,1x,1,Stafford St Marys Grove,ST29,2134,2134,,S2,Arch_Tturg,d,,
14369_ST29_T aestivum_2134__S2_1x1_l,14369,Nikon,1x,1,Stafford St Marys Grove,ST29,2134,2134,,S2,Arch_Tturg,l,,
14370_ST29_T aestivum_2134__S3_1x1_d,14370,Nikon,1x,1,Stafford St Marys Grove,ST29,2134,2134,,S3,Arch_Tcom,d,,
14371_ST29_T aestivum_2134__S3_1x1_l,14371,Nikon,1x,1,Stafford St Marys Grove,ST29,2134,2134,,S3,Arch_Tcom,l,,
14372_ST29_T aestivum_2134__S4_1x1_d,14372,Nikon,1x,1,Stafford St Marys Grove,ST29,2134,2134,,S4,Adur,d,,
14373_ST29_T aestivum_2134__S4_1x1_l,14373,Nikon,1x,1,Stafford St Marys Grove,ST29,2134,2134,,S4,Adur,l,,
14374_ST29_T. aestivo compactum_2102__S1_1x1_d,14374,Nikon,1x,1,Stafford St Marys Grove,ST29,2102,66.077,,S1,Arch_Tturg,d,,
14375_ST29_T. aestivo compactum_2102__S1_1x1_l,14375,Nikon,1x,1,Stafford St Marys Grove,ST29,2102,66.077,,S1,Arch_Tturg,l,,
14376_ST29_T. aestivo compactum_2102__S2_1x1_d,14376,Nikon,1x,1,Stafford St Marys Grove,ST29,2102,66.077,,S2,Arch_Taes,d,,
14377_ST29_T. aestivo compactum_2102__S2_1x1_l,14377,Nikon,1x,1,Stafford St Marys Grove,ST29,2102,66.077,,S2,Arch_Taes,l,,
14378_ST29_T. aestivo compactum_2102__S3_1x1_d,14378,Nikon,1x,1,Stafford St Marys Grove,ST29,2102,66.077,,S3,Arch_Tcom,d,,
14379_ST29_T. aestivo compactum_2102__S3_1x1_l,14379,Nikon,1x,1,Stafford St Marys Grove,ST29,2102,66.077,,S3,Arch_Tcom,l,,
14382_ST29_T aestivum_1988__S2_1x1_d,14382,Nikon,1x,1,Stafford St Marys Grove,ST29,1988,1988,,S2,Adur,d,,
14383_ST29_T aestivum_1988__S2_1x1_l,14383,Nikon,1x,1,Stafford St Marys Grove,ST29,1988,1988,,S2,Adur,l,,
14384_ST29_T. aestivo compactum_1988__S3_1x1_d,14384,Nikon,1x,1,Stafford St Marys Grove,ST29,1988,1988,,S3,Arch_Tcom,d,,
14385_ST29_T. aestivo compactum_1988__S3_1x1_l,14385,Nikon,1x,1,Stafford St Marys Grove,ST29,1988,1988,,S3,Arch_Tcom,l,,
14386_ST29_T. aestivo compactum_1988__S4_1x1_d,14386,Nikon,1x,1,Stafford St Marys Grove,ST29,1988,1988,,S4,Arch_Tcom,d,,
14387_ST29_T. aestivo compactum_1988__S4_1x1_l,14387,Nikon,1x,1,Stafford St Marys Grove,ST29,1988,1988,,S4,Arch_Tcom,l,,
14390_ST29_T aestivum_1988.2__S1_1x1_d,14390,Nikon,1x,1,Stafford St Marys Grove,ST29,1988.2,1988.2,,S1,Arch_Tcom,d,,
14391_ST29_T aestivum_1988.2__S1_1x1_l,14391,Nikon,1x,1,Stafford St Marys Grove,ST29,1988.2,1988.2,,S1,Arch_Tcom,l,,
14392_ST29_T aestivum_2178__S1_1x1_d,14392,Nikon,1x,1,Stafford St Marys Grove,ST29,2178,2178,,S1,Adur,d,,
14393_ST29_T aestivum_2178__S1_1x1_l,14393,Nikon,1x,1,Stafford St Marys Grove,ST29,2178,2178,,S1,Adur,l,,
14394_ST29_T aestivum_2178__S2_1x1_d,14394,Nikon,1x,1,Stafford St Marys Grove,ST29,2178,2178,,S2,Arch_Tcom,d,,
14395_ST29_T aestivum_2178__S2_1x1_l,14395,Nikon,1x,1,Stafford St Marys Grove,ST29,2178,2178,,S2,Arch_Tcom,l,,
14396_ST29_T aestivum_2178__S3_1x1_d,14396,Nikon,1x,1,Stafford St Marys Grove,ST29,2178,2178,,S3,Arch_Tcom,d,,
14397_ST29_T aestivum_2178__S3_1x1_l,14397,Nikon,1x,1,Stafford St Marys Grove,ST29,2178,2178,,S3,Arch_Tcom,l,,
14398_ST29_T aestivum_2102__S1_1x1_d,14398,Nikon,1x,1,Stafford St Marys Grove,ST29,2102,69.078,,S1,Arch_Tcom,d,,
14399_ST29_T aestivum_2102__S1_1x1_l,14399,Nikon,1x,1,Stafford St Marys Grove,ST29,2102,69.078,,S1,Arch_Tcom,l,,
14400_ST29_T. aestivo compactum_2223__S1_1x1_d,14400,Nikon,1x,1,Stafford St Marys Grove,ST29,2223,2223,,S1,Arch_Taes,d,,
14401_ST29_T. aestivo compactum_2223__S1_1x1_l,14401,Nikon,1x,1,Stafford St Marys Grove,ST29,2223,2223,,S1,Arch_Taes,l,,
14402_ST29_T. aestivo compactum_2102__S1_1x1_d,14402,Nikon,1x,1,Stafford St Marys Grove,ST29,2102,66.079,,S1,Arch_Tcom,d,,
14403_ST29_T. aestivo compactum_2102__S1_1x1_l,14403,Nikon,1x,1,Stafford St Marys Grove,ST29,2102,66.079,,S1,Arch_Tcom,l,,
14404_ST29_T. aestivo compactum_2102__S2_1x1_d,14404,Nikon,1x,1,Stafford St Marys Grove,ST29,2102,66.079,,S2,Arch_Tcom,d,,
14405_ST29_T. aestivo compactum_2102__S2_1x1_l,14405,Nikon,1x,1,Stafford St Marys Grove,ST29,2102,66.079,,S2,Arch_Tcom,l,,
14406_ST29_T. aestivo compactum_2102__S3_1x1_d,14406,Nikon,1x,1,Stafford St Marys Grove,ST29,2102,66.079,,S3,Arch_Tturg,d,,
14407_ST29_T. aestivo compactum_2102__S3_1x1_l,14407,Nikon,1x,1,Stafford St Marys Grove,ST29,2102,66.079,,S3,Arch_Tturg,l,,
14408_ST29_T. aestivo compactum_2102__S4_1x1_d,14408,Nikon,1x,1,Stafford St Marys Grove,ST29,2102,66.079,,S4,Arch_Tturg,d,,
14409_ST29_T. aestivo compactum_2102__S4_1x1_l,14409,Nikon,1x,1,Stafford St Marys Grove,ST29,2102,66.079,,S4,Arch_Tturg,l,,
14410_ST29_T. aestivo compactum_2102__S5_1x1_d,14410,Nikon,1x,1,Stafford St Marys Grove,ST29,2102,66.079,,S5,Arch_Taes,d,,
14411_ST29_T. aestivo compactum_2102__S5_1x1_l,14411,Nikon,1x,1,Stafford St Marys Grove,ST29,2102,66.079,,S5,Arch_Taes,l,,
14412_ST29_T. aestivo compactum_1682__S1_1x1_d,14412,Nikon,1x,1,Stafford St Marys Grove,ST29,1682,1682,,S1,Arch_Tcom,d,,
14413_ST29_T. aestivo compactum_1682__S1_1x1_l,14413,Nikon,1x,1,Stafford St Marys Grove,ST29,1682,1682,,S1,Arch_Tcom,l,,
14414_ST29_T. aestivo compactum_1682__S2_1x1_d,14414,Nikon,1x,1,Stafford St Marys Grove,ST29,1682,1682,,S2,Arch_Taes,d,,
14415_ST29_T. aestivo compactum_1682__S2_1x1_l,14415,Nikon,1x,1,Stafford St Marys Grove,ST29,1682,1682,,S2,Arch_Taes,l,,
14416_ST29_T. aestivo compactum_1682__S3_1x1_d,14416,Nikon,1x,1,Stafford St Marys Grove,ST29,1682,1682,,S3,Arch_Taes,d,,
14417_ST29_T. aestivo compactum_1682__S3_1x1_l,14417,Nikon,1x,1,Stafford St Marys Grove,ST29,1682,1682,,S3,Arch_Taes,l,,
14418_ST29_T. aestivo compactum_1682__S4_1x1_d,14418,Nikon,1x,1,Stafford St Marys Grove,ST29,1682,1682,,S4,Arch_Tcom,d,,
14419_ST29_T. aestivo compactum_1682__S4_1x1_l,14419,Nikon,1x,1,Stafford St Marys Grove,ST29,1682,1682,,S4,Arch_Tcom,l,,
14420_ST29_T. aestivo compactum_1682__S5_1x1_d,14420,Nikon,1x,1,Stafford St Marys Grove,ST29,1682,1682,,S5,Arch_Tcom,d,,
14421_ST29_T. aestivo compactum_1682__S5_1x1_l,14421,Nikon,1x,1,Stafford St Marys Grove,ST29,1682,1682,,S5,Arch_Tcom,l,,
14422_ST29_T. aestivo compactum_1682__S6_1x1_d,14422,Nikon,1x,1,Stafford St Marys Grove,ST29,1682,1682,,S5,Arch_Taes,d,,
14423_ST29_T. aestivo compactum_1682__S6_1x1_l,14423,Nikon,1x,1,Stafford St Marys Grove,ST29,1682,1682,,S5,Arch_Taes,l,,
14424_ST29_T. aestivo compactum_1682__S7_1x1_d,14424,Nikon,1x,1,Stafford St Marys Grove,ST29,1682,1682,,S7,Arch_Taes,d,,
14425_ST29_T. aestivo compactum_1682__S7_1x1_l,14425,Nikon,1x,1,Stafford St Marys Grove,ST29,1682,1682,,S7,Arch_Taes,l,,
14426_ST29_T. aestivo compactum_1682__S8_1x1_d,14426,Nikon,1x,1,Stafford St Marys Grove,ST29,1682,1682,,S8,Arch_Tcom,d,,
14427_ST29_T. aestivo compactum_1682__S8_1x1_l,14427,Nikon,1x,1,Stafford St Marys Grove,ST29,1682,1682,,S8,Arch_Tcom,l,,
14428_ST29_Free threshing_1682__S9_1x1_d,14428,Nikon,1x,1,Stafford St Marys Grove,ST29,1682,1682,,S9,Adur,d,,
14429_ST29_Free threshing_1682__S9_1x1_l,14429,Nikon,1x,1,Stafford St Marys Grove,ST29,1682,1682,,S9,Adur,l,,
14430_ST29_Free threshing_1682__S10_1x1_d,14430,Nikon,1x,1,Stafford St Marys Grove,ST29,1682,1682,,S10,Arch_Tcom,d,,
14431_ST29_Free threshing_1682__S10_1x1_l,14431,Nikon,1x,1,Stafford St Marys Grove,ST29,1682,1682,,S10,Arch_Tcom,l,,
14456_WM04__91__S1_1x1_d,14456,Nikon,1x,1,Wolverton,WM04,91,14,,S1,Arch_Taes,d,Vial is labelled as context 134 but sample no and vial contents match haystack record for context 14,
14457_WM04__91__S1_1x1_l,14457,Nikon,1x,1,Wolverton,WM04,91,14,,S1,Arch_Taes,l,,
14458_WM04__91__S2_1x1_d,14458,Nikon,1x,1,Wolverton,WM04,91,14,,S2,Arch_Tcom,d,,
14459_WM04__91__S2_1x1_l,14459,Nikon,1x,1,Wolverton,WM04,91,14,,S2,Arch_Tcom,l,,
14460_WM04__91__S3_1x1_d,14460,Nikon,1x,1,Wolverton,WM04,91,14,,S3,Arch_Tturg,d,,
14461_WM04__91__S3_1x1_l,14461,Nikon,1x,1,Wolverton,WM04,91,14,,S3,Arch_Tturg,l,,
14462_WM04__101__S1_1x1_d,14462,Nikon,1x,1,Wolverton,WM04,101,855,,S1,Adur,d,,
14463_WM04__101__S1_1x1_l,14463,Nikon,1x,1,Wolverton,WM04,101,855,,S1,Adur,l,,
14464_WM04__77__S1_1x1_d,14464,Nikon,1x,1,Wolverton,WM04,77,215,,S1,Arch_Taes,d,,
14465_WM04__77__S1_1x1_l,14465,Nikon,1x,1,Wolverton,WM04,77,215,,S1,Arch_Taes,l,,
14466_WM04__52__S1_1x1_d,14466,Nikon,1x,1,Wolverton,WM04,52,651,,S1,Arch_Taes,d,,
14467_WM04__52__S1_1x1_l,14467,Nikon,1x,1,Wolverton,WM04,52,651,,S1,Arch_Taes,l,,
14470_WM04__88__S2_1x1_d,14470,Nikon,1x,1,Wolverton,WM04,88,487,,S2,Arch_Taes,d,,
14471_WM04__88__S2_1x1_l,14471,Nikon,1x,1,Wolverton,WM04,88,487,,S2,Arch_Taes,l,,
14472_WM04__88__S3_1x1_d,14472,Nikon,1x,1,Wolverton,WM04,88,487,,S3,Arch_Taes,d,,
14473_WM04__88__S3_1x1_l,14473,Nikon,1x,1,Wolverton,WM04,88,487,,S3,Arch_Taes,l,,
14474_WM04__88__S4_1x1_d,14474,Nikon,1x,1,Wolverton,WM04,88,487,,S4,Arch_Taes,d,,
14475_WM04__88__S4_1x1_l,14475,Nikon,1x,1,Wolverton,WM04,88,487,,S4,Arch_Taes,l,,
14476_WM04__88__S5_1x1_d,14476,Nikon,1x,1,Wolverton,WM04,88,487,,S5,Arch_Tcom,d,,
14477_WM04__88__S5_1x1_l,14477,Nikon,1x,1,Wolverton,WM04,88,487,,S5,Arch_Tcom,l,,
14478_WM04__94__S1_1x1_d,14478,Nikon,1x,1,Wolverton,WM04,94,136,,S1,Arch_Taes,d,,
14479_WM04__94__S1_1x1_l,14479,Nikon,1x,1,Wolverton,WM04,94,136,,S1,Arch_Taes,l,,
14480_WM04__94__S2_1x1_d,14480,Nikon,1x,1,Wolverton,WM04,94,136,,S2,Adur,d,,
14481_WM04__94__S2_1x1_l,14481,Nikon,1x,1,Wolverton,WM04,94,136,,S2,Adur,l,,
14482_WM04__10__S1_1x1_d,14482,Nikon,1x,1,Wolverton,WM04,10,374,,S1,Arch_Tturg,d,,
14483_WM04__10__S1_1x1_l,14483,Nikon,1x,1,Wolverton,WM04,10,374,,S1,Arch_Tturg,l,,
14484_WM04__78__S1_1x1_d,14484,Nikon,1x,1,Wolverton,WM04,78,225,,S1,Arch_Taes,d,,
14485_WM04__78__S1_1x1_l,14485,Nikon,1x,1,Wolverton,WM04,78,225,,S1,Arch_Taes,l,,
14486_WM04__100__S1_1x1_d,14486,Nikon,1x,1,Wolverton,WM04,100,458,,S1,Arch_Taes,d,,
14487_WM04__100__S1_1x1_l,14487,Nikon,1x,1,Wolverton,WM04,100,458,,S1,Arch_Taes,l,,
14488_WM04__78__S1_1x1_d,14488,Nikon,1x,1,Wolverton,WM04,78,225,,S1,Arch_Taes,d,,
14489_WM04__78__S1_1x1_l,14489,Nikon,1x,1,Wolverton,WM04,78,225,,S1,Arch_Taes,l,,
14490_WM04__78__S2_1x1_d,14490,Nikon,1x,1,Wolverton,WM04,78,225,,S2,Arch_Taes,d,,
14491_WM04__78__S2_1x1_l,14491,Nikon,1x,1,Wolverton,WM04,78,225,,S2,Arch_Taes,l,,
14492___54__S1_1x1_d,14492,Nikon,1x,1,Wolverton,,54,709,,S1,Arch_Taes,d,,
14493___54__S1_1x1_l,14493,Nikon,1x,1,Wolverton,,54,709,,S1,Arch_Taes,l,,
14494___79__S1_1x1_d,14494,Nikon,1x,1,Wolverton,,79,786,,S1,Arch_Tcom,d,,
14495___79__S1_1x1_l,14495,Nikon,1x,1,Wolverton,,79,786,,S1,Arch_Tcom,l,,
14496___93__S1_1x1_d,14496,Nikon,1x,1,Wolverton,,93,157,,S1,Arch_Tcom,d,,
14497___93__S1_1x1_l,14497,Nikon,1x,1,Wolverton,,93,157,,S1,Arch_Tcom,l,,
14498___93__S2_1x1_d,14498,Nikon,1x,1,Wolverton,,93,157,,S2,Arch_Taes,d,,
14499___93__S2_1x1_l,14499,Nikon,1x,1,Wolverton,,93,157,,S2,Arch_Taes,l,,
14500___93__S3_1x1_d,14500,Nikon,1x,1,Wolverton,,93,157,,S3,Arch_Taes,d,,
14501___93__S3_1x1_l,14501,Nikon,1x,1,Wolverton,,93,157,,S3,Arch_Taes,l,,
14502___93__S4_1x1_d,14502,Nikon,1x,1,Wolverton,,93,157,,S4,Arch_Tturg,d,,
14503___93__S4_1x1_l,14503,Nikon,1x,1,Wolverton,,93,157,,S4,Arch_Tturg,l,,
14504___75__S1_1x1_d,14504,Nikon,1x,1,Wolverton,,75,211,,S1,Arch_Tcom,d,,
14505___75__S1_1x1_l,14505,Nikon,1x,1,Wolverton,,75,211,,S1,Arch_Tcom,l,,
14506___75__S2_1x1_d,14506,Nikon,1x,1,Wolverton,,75,211,,S2,Arch_Taes,d,,
14507___75__S2_1x1_l,14507,Nikon,1x,1,Wolverton,,75,211,,S2,Arch_Taes,l,,
14508___75__S3_1x1_d,14508,Nikon,1x,1,Wolverton,,75,211,,S3,Arch_Tcom,d,,
14509___75__S3_1x1_l,14509,Nikon,1x,1,Wolverton,,75,211,,S3,Arch_Tcom,l,,
14512___107__S1_1x1_d,14512,Nikon,1x,1,Wolverton,,107,462,,S1,Arch_Taes,d,,
14513___107__S1_1x1_l,14513,Nikon,1x,1,Wolverton,,107,462,,S1,Arch_Taes,l,,
14514___22__S1_1x1_d,14514,Nikon,1x,1,Wolverton,,22,509,,S1,Arch_Tcom,d,,
14515___22__S1_1x1_l,14515,Nikon,1x,1,Wolverton,,22,509,,S1,Arch_Tcom,l,,
14516___35__S1_1x1_d,14516,Nikon,1x,1,West Fen Rd,,35,2202,,S1,Arch_Tcom,d,,
14517___35__S1_1x1_l,14517,Nikon,1x,1,West Fen Rd,,35,2202,,S1,Arch_Tcom,l,,
14518___142__S1_1x1_d,14518,Nikon,1x,1,West Fen Rd,,142,5973,,S1,Arch_Taes,d,,
14519___142__S1_1x1_l,14519,Nikon,1x,1,West Fen Rd,,142,5973,,S1,Arch_Taes,l,,
14520___60__S1_1x1_d,14520,Nikon,1x,1,West Fen Rd,,60,2191,,S1,Arch_Tcom,d,,
14521___60__S1_1x1_l,14521,Nikon,1x,1,West Fen Rd,,60,2191,,S1,Arch_Tcom,l,,
14522___103__S1_1x1_d,14522,Nikon,1x,1,West Fen Rd,,103,3324,,S1,Arch_Tcom,d,,
14523___103__S1_1x1_l,14523,Nikon,1x,1,West Fen Rd,,103,3324,,S1,Arch_Tcom,l,,
14524___51__S1_1x1_d,14524,Nikon,1x,1,West Fen Rd,,51,2207,,S1,Arch_Taes,d,,
14525___51__S1_1x1_l,14525,Nikon,1x,1,West Fen Rd,,51,2207,,S1,Arch_Taes,l,,
14526___80__S1_1x1_d,14526,Nikon,1x,1,West Fen Rd,,80,2802,,S1,Arch_Taes,d,,
14527___80__S1_1x1_l,14527,Nikon,1x,1,West Fen Rd,,80,2802,,S1,Arch_Taes,l,,
14528___23__S1_1x1_d,14528,Nikon,1x,1,West Fen Rd,,23,2113,,S1,Arch_Taes,d,,
14529___23__S1_1x1_l,14529,Nikon,1x,1,West Fen Rd,,23,2113,,S1,Arch_Taes,l,,
14530___97__S1_1x1_d,14530,Nikon,1x,1,West Fen Rd,,97,3314,,S1,Arch_Tcom,d,,
14531___97__S1_1x1_l,14531,Nikon,1x,1,West Fen Rd,,97,3314,,S1,Arch_Tcom,l,,
14532_HPLB18_Arch_Taes_25__S1_1x1_d,14532,Nikon,1x,1,Pudding Lane,HPLB18,25,229,,S1,Arch_Taes,d,,
14533_HPLB18_Arch_Taes_25__S1_1x1_l,14533,Nikon,1x,1,Pudding Lane,HPLB18,25,229,,S1,Arch_Taes,l,,
14534_HPLB18_Arch_Taes_25__S2_1x1_d,14534,Nikon,1x,1,Pudding Lane,HPLB18,25,229,,S2,Arch_Taes,d,,
14535_HPLB18_Arch_Taes_25__S2_1x1_l,14535,Nikon,1x,1,Pudding Lane,HPLB18,25,229,,S2,Arch_Taes,l,,
14536_HPLB18_Arch_Taes_25__S3_1x1_d,14536,Nikon,1x,1,Pudding Lane,HPLB18,25,229,,S3,Arch_Taes,d,,
14537_HPLB18_Arch_Taes_25__S3_1x1_l,14537,Nikon,1x,1,Pudding Lane,HPLB18,25,229,,S3,Arch_Taes,l,,
14538_HPLB18_Arch_Taes_25__S4_1x1_d,14538,Nikon,1x,1,Pudding Lane,HPLB18,25,229,,S4,Arch_Taes,d,,
14539_HPLB18_Arch_Taes_25__S4_1x1_l,14539,Nikon,1x,1,Pudding Lane,HPLB18,25,229,,S4,Arch_Taes,l,,
14540_HPLB18_Arch_Taes_25__S5_1x1_d,14540,Nikon,1x,1,Pudding Lane,HPLB18,25,229,,S5,Arch_Taes,d,,
14541_HPLB18_Arch_Taes_25__S5_1x1_l,14541,Nikon,1x,1,Pudding Lane,HPLB18,25,229,,S5,Arch_Taes,l,,
14542_HPLB18_Adur_25__S6_1x1_d,14542,Nikon,1x,1,Pudding Lane,HPLB18,25,229,,S6,Adur,d,,
14543_HPLB18_Adur_25__S6_1x1_l,14543,Nikon,1x,1,Pudding Lane,HPLB18,25,229,,S6,Adur,l,,
14544_HPLB18_Arch_Taes_25__S7_1x1_d,14544,Nikon,1x,1,Pudding Lane,HPLB18,25,229,,S7,Arch_Taes,d,,
14545_HPLB18_Arch_Taes_25__S7_1x1_l,14545,Nikon,1x,1,Pudding Lane,HPLB18,25,229,,S7,Arch_Taes,l,,
14546_HPLB18_Adur_25__S8_1x1_d,14546,Nikon,1x,1,Pudding Lane,HPLB18,25,229,,S8,Adur,d,,
14547_HPLB18_Adur_25__S8_1x1_l,14547,Nikon,1x,1,Pudding Lane,HPLB18,25,229,,S8,Adur,l,,
14548_HPLB18_Adur_25__S9_1x1_d,14548,Nikon,1x,1,Pudding Lane,HPLB18,25,229,,S9,Adur,d,,
14549_HPLB18_Adur_25__S9_1x1_l,14549,Nikon,1x,1,Pudding Lane,HPLB18,25,229,,S9,Adur,l,,
14550_HPLB18_Arch_Taes_20__S1_1x1_d,14550,Nikon,1x,1,Pudding Lane,HPLB18,20,227,,S1,Arch_Taes,d,,
14551_HPLB18_Arch_Taes_20__S1_1x1_l,14551,Nikon,1x,1,Pudding Lane,HPLB18,20,227,,S1,Arch_Taes,l,,
14552_HPLB18_Arch_Tturg_20__S2_1x1_d,14552,Nikon,1x,1,Pudding Lane,HPLB18,20,227,,S2,Arch_Tturg,d,,
14553_HPLB18_Arch_Tturg_20__S2_1x1_l,14553,Nikon,1x,1,Pudding Lane,HPLB18,20,227,,S2,Arch_Tturg,l,,
14554_WRF002A_____1x1_d,14554,Nikon,1x,1,West Fen Road,WRF002A,,,,,Arch_Tcom,d,,
14555_WRF002A_____1x1_l,14555,Nikon,1x,1,West Fen Road,WRF002A,,,,,Arch_Tcom,l,,
14556_WRF002B_____1x1_d,14556,Nikon,1x,1,West Fen Road,WRF002B,,,,,Arch_Taes,d,,
14557_WRF002B_____1x1_l,14557,Nikon,1x,1,West Fen Road,WRF002B,,,,,Arch_Taes,l,,
14558_WRF005A_____1x1_d,14558,Nikon,1x,1,West Fen Road,WRF005A,,,,,Arch_Taes,d,,
14559_WRF005A_____1x1_l,14559,Nikon,1x,1,West Fen Road,WRF005A,,,,,Arch_Taes,l,,
14560_WRF005B_____1x1_d,14560,Nikon,1x,1,West Fen Road,WRF005B,,,,,Arch_Tturg,d,,
14561_WRF005B_____1x1_l,14561,Nikon,1x,1,West Fen Road,WRF005B,,,,,Arch_Tturg,l,,
14562_WRF005C_____1x1_d,14562,Nikon,1x,1,West Fen Road,WRF005C,,,,,Arch_Tcom,d,,
14563_WRF005C_____1x1_l,14563,Nikon,1x,1,West Fen Road,WRF005C,,,,,Arch_Tcom,l,,
14564_WRF008B_____1x1_d,14564,Nikon,1x,1,West Fen Road,WRF008B,,,,,Arch_Taes,d,,
14565_WRF008B_____1x1_l,14565,Nikon,1x,1,West Fen Road,WRF008B,,,,,Arch_Taes,l,,
14566_WRF008C_____1x1_d,14566,Nikon,1x,1,West Fen Road,WRF008C,,,,,Arch_Taes,d,,
14567_WRF008C_____1x1_l,14567,Nikon,1x,1,West Fen Road,WRF008C,,,,,Arch_Taes,l,,
14570_WRF014A_____1x1_d,14570,Nikon,1x,1,West Fen Road,WRF014A,,,,,Arch_Taes,d,,
14571_WRF014A_____1x1_l,14571,Nikon,1x,1,West Fen Road,WRF014A,,,,,Arch_Taes,l,,
14572_WRF014C_____1x1_d,14572,Nikon,1x,1,West Fen Road,WRF014C,,,,,Arch_Tcom,d,,
14573_WRF014C_____1x1_l,14573,Nikon,1x,1,West Fen Road,WRF014C,,,,,Arch_Tcom,l,,
14574_WRF015B_____1x1_d,14574,Nikon,1x,1,West Fen Road,WRF015B,,,,,Arch_Taes,d,,
14575_WRF015B_____1x1_l,14575,Nikon,1x,1,West Fen Road,WRF015B,,,,,Arch_Taes,l,,
14576_WRF016A_____1x1_d,14576,Nikon,1x,1,West Fen Road,WRF016A,,,,,Arch_Taes,d,,
14577_WRF016A_____1x1_l,14577,Nikon,1x,1,West Fen Road,WRF016A,,,,,Arch_Taes,l,,
14578_WRF016B_____1x1_d,14578,Nikon,1x,1,West Fen Road,WRF016B,,,,,Arch_Taes,d,,
14579_WRF016B_____1x1_l,14579,Nikon,1x,1,West Fen Road,WRF016B,,,,,Arch_Taes,l,,
14580_WRF016C_____1x1_d,14580,Nikon,1x,1,West Fen Road,WRF016C,,,,,Arch_Taes,d,,
14581_WRF016C_____1x1_l,14581,Nikon,1x,1,West Fen Road,WRF016C,,,,,Arch_Taes,l,,
14582_RWC015c_____1x1_d,14582,Nikon,1x,1,Raunds,,RWC015c,,,,Arch_Taes,d,,
14583_RWC015c_____1x1_l,14583,Nikon,1x,1,Raunds,,RWC015c,,,,Arch_Taes,l,,
14584_HPLB18_Arch_Tcom_19__S1_1x1_d,14584,Nikon,1x,1,Pudding Lane,HPLB18,19,214,,S1,Arch_Tcom,d,,
14585_HPLB18_Arch_Tcom_19__S1_1x1_l,14585,Nikon,1x,1,Pudding Lane,HPLB18,19,214,,S1,Arch_Tcom,l,,
14586_HPLB18_Arch_Tcom_19__S2_1x1_d,14586,Nikon,1x,1,Pudding Lane,HPLB18,19,214,,S2,Arch_Tcom,d,,
14587_HPLB18_Arch_Tcom_19__S2_1x1_l,14587,Nikon,1x,1,Pudding Lane,HPLB18,19,214,,S2,Arch_Tcom,l,,
14588_HPLB18_Arch_Taes_19__S3_1x1_d,14588,Nikon,1x,1,Pudding Lane,HPLB18,19,214,,S3,Arch_Taes,d,,
14589_HPLB18_Arch_Taes_19__S3_1x1_l,14589,Nikon,1x,1,Pudding Lane,HPLB18,19,214,,S3,Arch_Taes,l,,
14590_HPLB18_Arch_Tcom_19__S4_1x1_d,14590,Nikon,1x,1,Pudding Lane,HPLB18,19,214,,S4,Arch_Tcom,d,,
14591_HPLB18_Arch_Tcom_19__S4_1x1_l,14591,Nikon,1x,1,Pudding Lane,HPLB18,19,214,,S4,Arch_Tcom,l,,
14592_HPLB18_Arch_Tcom_20__S3_1x1_d,14592,Nikon,1x,1,Pudding Lane,HPLB18,20,227,,S3,Arch_Tcom,d,,
14593_HPLB18_Arch_Tcom_20__S3_1x1_l,14593,Nikon,1x,1,Pudding Lane,HPLB18,20,227,,S3,Arch_Tcom,l,,
14598_HPLB18_Arch_Taes_21__S1_1x1_d,14598,Nikon,1x,1,Pudding Lane,HPLB18,21,220,,S1,Arch_Taes,d,,
14599_HPLB18_Arch_Taes_21__S1_1x1_l,14599,Nikon,1x,1,Pudding Lane,HPLB18,21,220,,S1,Arch_Taes,l,,
14600_HPLB18_Arch_Taes_22__S1_1x1_d,14600,Nikon,1x,1,Pudding Lane,HPLB18,22,220,,S1,Arch_Taes,d,,
14601_HPLB18_Arch_Taes_22__S1_1x1_l,14601,Nikon,1x,1,Pudding Lane,HPLB18,22,220,,S1,Arch_Taes,l,,
14604_HPLB18_Arch_Taes_15__S1_1x1_d,14604,Nikon,1x,1,Pudding Lane,HPLB18,15,207,,S1,Arch_Taes,d,,
14605_HPLB18_Arch_Taes_15__S1_1x1_l,14605,Nikon,1x,1,Pudding Lane,HPLB18,15,207,,S1,Arch_Taes,l,,
14606_HPLB18_Arch_Taes_15__S2_1x1_d,14606,Nikon,1x,1,Pudding Lane,HPLB18,15,207,,S2,Arch_Taes,d,,
14607_HPLB18_Arch_Taes_15__S2_1x1_l,14607,Nikon,1x,1,Pudding Lane,HPLB18,15,207,,S2,Arch_Taes,l,,
14608_HPLB18_Arch_Taes_15__S3_1x1_d,14608,Nikon,1x,1,Pudding Lane,HPLB18,15,207,,S3,Arch_Taes,d,,
14609_HPLB18_Arch_Taes_15__S3_1x1_l,14609,Nikon,1x,1,Pudding Lane,HPLB18,15,207,,S3,Arch_Taes,l,,
14610_HPLB18_Arch_Tcom_15__S4_1x1_d,14610,Nikon,1x,1,Pudding Lane,HPLB18,15,207,,S4,Arch_Tcom,d,,
14611_HPLB18_Arch_Tcom_15__S4_1x1_l,14611,Nikon,1x,1,Pudding Lane,HPLB18,15,207,,S4,Arch_Tcom,l,,
14612_HPLB18_Arch_Taes_15__S5_1x1_d,14612,Nikon,1x,1,Pudding Lane,HPLB18,15,207,,S5,Arch_Taes,d,,
14613_HPLB18_Arch_Taes_15__S5_1x1_l,14613,Nikon,1x,1,Pudding Lane,HPLB18,15,207,,S5,Arch_Taes,l,,
14614_HPLB18_Arch_Tcom_5__S1_1x1_d,14614,Nikon,1x,1,Pudding Lane,HPLB18,5,151,,S1,Arch_Tcom,d,,
14615_HPLB18_Arch_Tcom_5__S1_1x1_l,14615,Nikon,1x,1,Pudding Lane,HPLB18,5,151,,S1,Arch_Tcom,l,,
14616_HPLB18_Arch_Taes_25__S11_1x1_d,14616,Nikon,1x,1,Pudding Lane,HPLB18,25,229,,S11,Arch_Taes,d,,
14617_HPLB18_Arch_Taes_25__S11_1x1_l,14617,Nikon,1x,1,Pudding Lane,HPLB18,25,229,,S11,Arch_Taes,l,,
14618_HPLB18_Arch_Taes_25__S12_1x1_d,14618,Nikon,1x,1,Pudding Lane,HPLB18,25,229,,S12,Arch_Taes,d,,
14619_HPLB18_Arch_Taes_25__S12_1x1_l,14619,Nikon,1x,1,Pudding Lane,HPLB18,25,229,,S12,Arch_Taes,l,,
14620_HPLB18_Arch_Tcom_25__S13_1x1_d,14620,Nikon,1x,1,Pudding Lane,HPLB18,25,229,,S13,Arch_Tcom,d,,
14621_HPLB18_Arch_Tcom_25__S13_1x1_l,14621,Nikon,1x,1,Pudding Lane,HPLB18,25,229,,S13,Arch_Tcom,l,,
14622_HPLB18_Arch_Taes_25__S14_1x1_d,14622,Nikon,1x,1,Pudding Lane,HPLB18,25,229,,S14,Arch_Taes,d,,
14623_HPLB18_Arch_Taes_25__S14_1x1_l,14623,Nikon,1x,1,Pudding Lane,HPLB18,25,229,,S14,Arch_Taes,l,,
14624_HPLB18_Arch_Tcom_25__S15_1x1_d,14624,Nikon,1x,1,Pudding Lane,HPLB18,25,229,,S15,Arch_Tcom,d,,
14625_HPLB18_Arch_Tcom_25__S15_1x1_l,14625,Nikon,1x,1,Pudding Lane,HPLB18,25,229,,S15,Arch_Tcom,l,,
14626_HPLB18_Adur_25__S16_1x1_d,14626,Nikon,1x,1,Pudding Lane,HPLB18,25,229,,S16,Adur,d,,
14627_HPLB18_Adur_25__S16_1x1_l,14627,Nikon,1x,1,Pudding Lane,HPLB18,25,229,,S16,Adur,l,,
14628_HPLB18_Adur_25__S17_1x1_d,14628,Nikon,1x,1,Pudding Lane,HPLB18,25,229,,S17,Adur,d,,
14629_HPLB18_Adur_25__S17_1x1_l,14629,Nikon,1x,1,Pudding Lane,HPLB18,25,229,,S17,Adur,l,,
14630_HPLB18_Arch_Tcom_25__S18_1x1_d,14630,Nikon,1x,1,Pudding Lane,HPLB18,25,229,,S18,Arch_Tcom,d,,
14631_HPLB18_Arch_Tcom_25__S18_1x1_l,14631,Nikon,1x,1,Pudding Lane,HPLB18,25,229,,S18,Arch_Tcom,l,,
14632_HPLB18_Arch_Taes_25__S19_1x1_d,14632,Nikon,1x,1,Pudding Lane,HPLB18,25,229,,S19,Arch_Taes,d,,
14633_HPLB18_Arch_Taes_25__S19_1x1_l,14633,Nikon,1x,1,Pudding Lane,HPLB18,25,229,,S19,Arch_Taes,l,,
14634_HPLB18_Arch_Taes_25__S20_1x1_d,14634,Nikon,1x,1,Pudding Lane,HPLB18,25,229,,S20,Arch_Taes,d,,
14635_HPLB18_Arch_Taes_25__S20_1x1_l,14635,Nikon,1x,1,Pudding Lane,HPLB18,25,229,,S20,Arch_Taes,l,,
14636_HPLB18_Arch_Taes_25__S21_1x1_d,14636,Nikon,1x,1,Pudding Lane,HPLB18,25,229,,S21,Arch_Taes,d,,
14637_HPLB18_Arch_Taes_25__S21_1x1_l,14637,Nikon,1x,1,Pudding Lane,HPLB18,25,229,,S21,Arch_Taes,l,,
14638_HPLB18_Adur_25__S22_1x1_d,14638,Nikon,1x,1,Pudding Lane,HPLB18,25,229,,S22,Adur,d,,
14639_HPLB18_Adur_25__S22_1x1_l,14639,Nikon,1x,1,Pudding Lane,HPLB18,25,229,,S22,Adur,l,,
14640_HPLB18_Arch_Taes_25__S23_1x1_d,14640,Nikon,1x,1,Pudding Lane,HPLB18,25,229,,S23,Arch_Taes,d,,
14641_HPLB18_Arch_Taes_25__S23_1x1_l,14641,Nikon,1x,1,Pudding Lane,HPLB18,25,229,,S23,Arch_Taes,l,,
14642_HPLB18_Arch_Taes_25__S24_1x1_d,14642,Nikon,1x,1,Pudding Lane,HPLB18,25,229,,S24,Arch_Taes,d,,
14643_HPLB18_Arch_Taes_25__S24_1x1_l,14643,Nikon,1x,1,Pudding Lane,HPLB18,25,229,,S24,Arch_Taes,l,,
14644_HPLB18_Arch_Taes_25__S25_1x1_d,14644,Nikon,1x,1,Pudding Lane,HPLB18,25,229,,S25,Arch_Taes,d,,
14645_HPLB18_Arch_Taes_25__S25_1x1_l,14645,Nikon,1x,1,Pudding Lane,HPLB18,25,229,,S25,Arch_Taes,l,,
14646_HPLB18_Adur_25__S26_1x1_d,14646,Nikon,1x,1,Pudding Lane,HPLB18,25,229,,S26,Adur,d,,
14647_HPLB18_Adur_25__S26_1x1_l,14647,Nikon,1x,1,Pudding Lane,HPLB18,25,229,,S26,Adur,l,,
14648_WVM008c_____1x1_d,14648,Nikon,1x,1,Wolverton,WVM008c,,,,,Arch_Tturg,d,,
14649_WVM008c_____1x1_l,14649,Nikon,1x,1,Wolverton,WVM008c,,,,,Arch_Tturg,l,,
14650_WVM009a_____1x1_d,14650,Nikon,1x,1,Wolverton,WVM009a,,,,,Arch_Tturg,d,,
14651_WVM009a_____1x1_l,14651,Nikon,1x,1,Wolverton,WVM009a,,,,,Arch_Tturg,l,,
14652_WVM012a_____1x1_d,14652,Nikon,1x,1,Wolverton,WVM012a,,,,,Arch_Taes,d,,
14653_WVM012a_____1x1_l,14653,Nikon,1x,1,Wolverton,WVM012a,,,,,Arch_Taes,l,,
14654_WVM012b_____1x1_d,14654,Nikon,1x,1,Wolverton,WVM012b,,,,,Arch_Taes,d,,
14655_WVM012b_____1x1_l,14655,Nikon,1x,1,Wolverton,WVM012b,,,,,Arch_Taes,l,,
14656_WVM021b_____1x1_d,14656,Nikon,1x,1,Wolverton,WVM021b,,,,,Arch_Taes,d,,
14657_WVM021b_____1x1_l,14657,Nikon,1x,1,Wolverton,WVM021b,,,,,Arch_Taes,l,,
14658_WVM025a_____1x1_d,14658,Nikon,1x,1,Wolverton,WVM025a,,,,,Arch_Taes,d,,
14659_WVM025a_____1x1_l,14659,Nikon,1x,1,Wolverton,WVM025a,,,,,Arch_Taes,l,,
14660_WVM029c_____1x1_d,14660,Nikon,1x,1,Wolverton,WVM029c,,,,,Arch_Tcom,d,,
14661_WVM029c_____1x1_l,14661,Nikon,1x,1,Wolverton,WVM029c,,,,,Arch_Tcom,l,,
14662_WVM008a_____1x1_d,14662,Nikon,1x,1,Wolverton,WVM008a,,,,,Arch_Tcom,d,,
14663_WVM008a_____1x1_l,14663,Nikon,1x,1,Wolverton,WVM008a,,,,,Arch_Tcom,l,,
14684_WVM004b_____1x1_d,14684,Nikon,1x,1,Wolverton,WVM004b,,,,,Arch_Taes,d,,
14685_WVM004b_____1x1_l,14685,Nikon,1x,1,Wolverton,WVM004b,,,,,Arch_Taes,l,,
14664_WWE10_T. aestivum sl_45___1x1_d,14664,Nikon,1x,1,Walsingham,WWE10,45,844,,,Arch_Tcom,d,,
14665_WWE10_T. aestivum sl_45___1x1_l,14665,Nikon,1x,1,Walsingham,WWE10,45,844,,,Arch_Tcom,l,,
14670_WWE10_T. aestivum sl_2___1x1_d,14670,Nikon,1x,1,Walsingham,WWE10,2,89,,,Arch_Taes,d,,
14671_WWE10_T. aestivum sl_2___1x1_l,14671,Nikon,1x,1,Walsingham,WWE10,2,89,,,Arch_Taes,l,,
14672_WWE10_T. aestivum sl_68___1x1_d,14672,Nikon,1x,1,Walsingham,WWE10,68,1880,,,Arch_Tcom,d,,
14673_WWE10_T. aestivum sl_68___1x1_l,14673,Nikon,1x,1,Walsingham,WWE10,68,1880,,,Arch_Tcom,l,,
14686_WAW002a_____1x1_d,14686,Nikon,1x,1,Walsingham,WAW002a,,,,,Arch_Taes,d,,
14687_WAW002a_____1x1_l,14687,Nikon,1x,1,Walsingham,WAW002a,,,,,Arch_Taes,l,,
14688_WAW011a_____1x1_d,14688,Nikon,1x,1,Walsingham,WAW010a,,,,,Arch_Tcom,d,,
14689_WAW011a_____1x1_l,14689,Nikon,1x,1,Walsingham,WAW010a,,,,,Arch_Tcom,l,,
14690_WAW011c_____1x1_d,14690,Nikon,1x,1,Walsingham,WAW010c,,,,,Arch_Tcom,d,,
14691_WAW011c_____1x1_l,14691,Nikon,1x,1,Walsingham,WAW010c,,,,,Arch_Tcom,l,,
14674_PUD002b_Arch_Tturg____1x1_d,14674,Nikon,1x,1,Pudding Lane,PUD002b,,,,,Arch_Tturg,d,,
14675_PUD002b_Arch_Tturg____1x1_l,14675,Nikon,1x,1,Pudding Lane,PUD002b,,,,,Arch_Tturg,l,,
14676_PUD007a_Arch_Taes____1x1_d,14676,Nikon,1x,1,Pudding Lane,PUD007a,,,,,Arch_Taes,d,,
14677_PUD007a_Arch_Taes____1x1_l,14677,Nikon,1x,1,Pudding Lane,PUD007a,,,,,Arch_Taes,l,,
14678_PUD011a_Arch_Taes____1x1_d,14678,Nikon,1x,1,Pudding Lane,PUD011a,,,,,Arch_Taes,d,,
14679_PUD011a_Arch_Taes____1x1_l,14679,Nikon,1x,1,Pudding Lane,PUD011a,,,,,Arch_Taes,l,,
14680_PUD014a_Arch_Tcom____1x1_d,14680,Nikon,1x,1,Pudding Lane,PUD014a,,,,,Arch_Tcom,d,,
14681_PUD014a_Arch_Tcom____1x1_l,14681,Nikon,1x,1,Pudding Lane,PUD014a,,,,,Arch_Tcom,l,,
14682_PUD014b_Arch_Taes____1x1_d,14682,Nikon,1x,1,Pudding Lane,PUD014b,,,,,Arch_Taes,d,,
14683_PUD014b_Arch_Taes____1x1_l,14683,Nikon,1x,1,Pudding Lane,PUD014b,,,,,Arch_Taes,l,,
14692_CMV98_FTW_2329__S1_1x1_d,14692,Nikon,1x,1,Coton Park,CMV98,41,2329,,S1,Arch_Tcom,d,,
14693_CMV98_FTW_2329__S1_1x1_l,14693,Nikon,1x,1,Coton Park,CMV98,41,2329,,S1,Arch_Tcom,l,,
14694_CMV98_FTW_2329__S2_1x1_d,14694,Nikon,1x,1,Coton Park,CMV98,41,2329,,S2,Arch_Tcom,d,,
14695_CMV98_FTW_2329__S2_1x1_l,14695,Nikon,1x,1,Coton Park,CMV98,41,2329,,S2,Arch_Tcom,l,,
14696_CMV98_FTW_2329__S3_1x1_d,14696,Nikon,1x,1,Coton Park,CMV98,41,2329,,S3,Arch_Taes,d,,
14697_CMV98_FTW_2329__S3_1x1_l,14697,Nikon,1x,1,Coton Park,CMV98,41,2329,,S3,Arch_Taes,l,,
14698_CMV98_FTW_2329__S4_1x1_d,14698,Nikon,1x,1,Coton Park,CMV98,41,2329,,S4,Arch_Taes,d,,
14699_CMV98_FTW_2329__S4_1x1_l,14699,Nikon,1x,1,Coton Park,CMV98,41,2329,,S4,Arch_Taes,l,,
14700_CMV98_FTW_2329__S5_1x1_d,14700,Nikon,1x,1,Coton Park,CMV98,41,2329,,S5,Arch_Taes,d,,
14701_CMV98_FTW_2329__S5_1x1_l,14701,Nikon,1x,1,Coton Park,CMV98,41,2329,,S5,Arch_Taes,l,,
14702_CMV98_FTW_40__S1_1x1_d,14702,Nikon,1x,1,Coton Park,CMV98,40,2257,,S1,Arch_Taes,d,,
14703_CMV98_FTW_40__S1_1x1_l,14703,Nikon,1x,1,Coton Park,CMV98,40,2257,,S1,Arch_Taes,l,,
14704_CMV98_FTW_40__S2_1x1_d,14704,Nikon,1x,1,Coton Park,CMV98,40,2257,,S2,Arch_Taes,d,,
14705_CMV98_FTW_40__S2_1x1_l,14705,Nikon,1x,1,Coton Park,CMV98,40,2257,,S2,Arch_Taes,l,,
14706_CMV98_FTW_40__S3_1x1_d,14706,Nikon,1x,1,Coton Park,CMV98,40,2257,,S3,Arch_Tcom,d,,
14707_CMV98_FTW_40__S3_1x1_l,14707,Nikon,1x,1,Coton Park,CMV98,40,2257,,S3,Arch_Tcom,l,,
14708_CMV98_FTW_40__S4_1x1_d,14708,Nikon,1x,1,Coton Park,CMV98,40,2257,,S4,Arch_Tturg,d,,
14709_CMV98_FTW_40__S4_1x1_l,14709,Nikon,1x,1,Coton Park,CMV98,40,2257,,S4,Arch_Tturg,l,,
14710_CMV98_FTW_40__S5_1x1_d,14710,Nikon,1x,1,Coton Park,CMV98,40,2257,,S5,Arch_Tcom,d,,
14711_CMV98_FTW_40__S5_1x1_l,14711,Nikon,1x,1,Coton Park,CMV98,40,2257,,S5,Arch_Tcom,l,,
14712_CMV98_FTW_40__S6_1x1_d,14712,Nikon,1x,1,Coton Park,CMV98,40,2257,,S6,Arch_Tcom,d,,
14713_CMV98_FTW_40__S6_1x1_l,14713,Nikon,1x,1,Coton Park,CMV98,40,2257,,S6,Arch_Tcom,l,,
14726_CMV98_Trit FT_5__S1_1x1_d,14726,Nikon,1x,1,Coton Park,CMV98,5,,,S1,Arch_Tcom,d,,
14727_CMV98_Trit FT_5__S1_1x1_l,14727,Nikon,1x,1,Coton Park,CMV98,5,,,S1,Arch_Tcom,l,,
14728_CMV98_Trit FT_50__S1_1x1_d,14728,Nikon,1x,1,Coton Park,CMV98,50,,,S1,Arch_Taes,d,,
14729_CMV98_Trit FT_50__S1_1x1_l,14729,Nikon,1x,1,Coton Park,CMV98,50,,,S1,Arch_Taes,l,,
14730_CMV98_Trit FT_1__S1_1x1_d,14730,Nikon,1x,1,Coton Park,CMV98,1,,,S1,Arch_Tcom,d,,
14731_CMV98_Trit FT_1__S1_1x1_l,14731,Nikon,1x,1,Coton Park,CMV98,1,,,S1,Arch_Tcom,l,,
14732_CMV98_Trit FT_35__S1_1x1_d,14732,Nikon,1x,1,Coton Park,CMV98,35,,,S1,Arch_Taes,d,,
14733_CMV98_Trit FT_35__S1_1x1_l,14733,Nikon,1x,1,Coton Park,CMV98,35,,,S1,Arch_Taes,l,,
14734_CMV98_Trit FT_35__S2_1x1_d,14734,Nikon,1x,1,Coton Park,CMV98,35,,,S2,Arch_Taes,d,,
14735_CMV98_Trit FT_35__S2_1x1_l,14735,Nikon,1x,1,Coton Park,CMV98,35,,,S2,Arch_Taes,l,,
14736_CMV98_Trit FT_35__S3_1x1_d,14736,Nikon,1x,1,Coton Park,CMV98,35,,,S3,Arch_Taes,d,,
14737_CMV98_Trit FT_35__S3_1x1_l,14737,Nikon,1x,1,Coton Park,CMV98,35,,,S3,Arch_Taes,l,,
14738_CMV98_Trit FT_35__S4_1x1_d,14738,Nikon,1x,1,Coton Park,CMV98,35,,,S4,Arch_Taes,d,,
14739_CMV98_Trit FT_35__S4_1x1_l,14739,Nikon,1x,1,Coton Park,CMV98,35,,,S4,Arch_Taes,l,,
14748_PUD011b_Arch_Tturg____1x1_d,14748,Nikon,1x,1,Pudding Lane,PUD011b,,,,,Arch_Tturg,d,,
14749_PUD011b_Arch_Tturg____1x1_l,14749,Nikon,1x,1,Pudding Lane,PUD011b,,,,,Arch_Tturg,l,,
14752_SH13_Arch_Taes___S2_1x1_d,14752,Nikon,1x,1,Sedgeford,SH13,,17023,,S2,Arch_Taes,d,,
14753_SH13_Arch_Taes___S2_1x1_l,14753,Nikon,1x,1,Sedgeford,SH13,,17023,,S2,Arch_Taes,l,,
14760_SH13_Arch_Tcom___S1_1x1_d,14760,Nikon,1x,1,Sedgeford,SH13,,17013,,S1,Arch_Tcom,d,,
14761_SH13_Arch_Tcom___S1_1x1_l,14761,Nikon,1x,1,Sedgeford,SH13,,17013,,S1,Arch_Tcom,l,,
14768_SH13_Arch_Taes___S5_1x1_d,14768,Nikon,1x,1,Sedgeford,SH13,,17013,,S5,Arch_Taes,d,,
14769_SH13_Arch_Taes___S5_1x1_l,14769,Nikon,1x,1,Sedgeford,SH13,,17013,,S5,Arch_Taes,l,,
14770_SH13_Arch_Taes___S1_1x1_d,14770,Nikon,1x,1,Sedgeford,SH13,,17026,,S1,Arch_Taes,d,,
14771_SH13_Arch_Taes___S1_1x1_l,14771,Nikon,1x,1,Sedgeford,SH13,,17026,,S1,Arch_Taes,l,,
14772_SH13_Adur___S2_1x1_d,14772,Nikon,1x,1,Sedgeford,SH13,,17026,,S2,Adur,d,,
14773_SH13_Adur___S2_1x1_l,14773,Nikon,1x,1,Sedgeford,SH13,,17026,,S2,Adur,l,,
14776_SH13_Adur___S4_1x1_d,14776,Nikon,1x,1,Sedgeford,SH13,,17026,,S4,Adur,d,,
14777_SH13_Adur___S4_1x1_l,14777,Nikon,1x,1,Sedgeford,SH13,,17026,,S4,Adur,l,,
14780_SH13_Arch_Taes___S6_1x1_d,14780,Nikon,1x,1,Sedgeford,SH13,,17026,,S6,Arch_Taes,d,,
14781_SH13_Arch_Taes___S6_1x1_l,14781,Nikon,1x,1,Sedgeford,SH13,,17026,,S6,Arch_Taes,l,,
14784_SH13_Arch_Taes___S8_1x1_d,14784,Nikon,1x,1,Sedgeford,SH13,,17026,,S8,Arch_Taes,d,,
14785_SH13_Arch_Taes___S8_1x1_l,14785,Nikon,1x,1,Sedgeford,SH13,,17026,,S8,Arch_Taes,l,,
14786_SH13_Arch_Taes___S9_1x1_d,14786,Nikon,1x,1,Sedgeford,SH13,,17026,,S9,Arch_Taes,d,,
14787_SH13_Arch_Taes___S9_1x1_l,14787,Nikon,1x,1,Sedgeford,SH13,,17026,,S9,Arch_Taes,l,,
14796_SH13_Arch_Tcom_13006__S12_1x1_d,14796,Nikon,1x,1,Sedgeford,SH13,13006,17026,,S12,Arch_Tcom,d,,
14797_SH13_Arch_Tcom_13006__S12_1x1_l,14797,Nikon,1x,1,Sedgeford,SH13,13006,17026,,S12,Arch_Tcom,l,,
14798_SH13_Arch_Tcom_13006__S13_1x1_d,14798,Nikon,1x,1,Sedgeford,SH13,13006,17026,,S13,Arch_Tcom,d,,
14799_SH13_Arch_Tcom_13006__S13_1x1_l,14799,Nikon,1x,1,Sedgeford,SH13,13006,17026,,S13,Arch_Tcom,l,,
14804_SH13_Arch_Tcom_13006__S16_1x1_d,14804,Nikon,1x,1,Sedgeford,SH13,13006,17026,,S16,Arch_Tcom,d,,
14805_SH13_Arch_Tcom_13006__S16_1x1_l,14805,Nikon,1x,1,Sedgeford,SH13,13006,17026,,S16,Arch_Tcom,l,,
14806_SH13_Arch_Taes_13006__S17_1x1_d,14806,Nikon,1x,1,Sedgeford,SH13,13006,17026,,S17,Arch_Taes,d,,
14807_SH13_Arch_Taes_13006__S17_1x1_l,14807,Nikon,1x,1,Sedgeford,SH13,13006,17026,,S17,Arch_Taes,l,,
14808_SH13_Arch_Taes_13006__S18_1x1_d,14808,Nikon,1x,1,Sedgeford,SH13,13006,17026,,S18,Arch_Taes,d,,
14809_SH13_Arch_Taes_13006__S18_1x1_l,14809,Nikon,1x,1,Sedgeford,SH13,13006,17026,,S18,Arch_Taes,l,,
14810_SH13_Arch_Taes_13006__S19_1x1_d,14810,Nikon,1x,1,Sedgeford,SH13,13006,17026,,S19,Arch_Taes,d,,
14811_SH13_Arch_Taes_13006__S19_1x1_l,14811,Nikon,1x,1,Sedgeford,SH13,13006,17026,,S19,Arch_Taes,l,,
14812_SH13_Adur_13006__S20_1x1_d,14812,Nikon,1x,1,Sedgeford,SH13,13006,17026,,S20,Adur,d,,
14813_SH13_Adur_13006__S20_1x1_l,14813,Nikon,1x,1,Sedgeford,SH13,13006,17026,,S20,Adur,l,,
14814_SH13_Adur_13006__S21_1x1_d,14814,Nikon,1x,1,Sedgeford,SH13,13006,17026,,S21,Adur,d,,
14815_SH13_Adur_13006__S21_1x1_l,14815,Nikon,1x,1,Sedgeford,SH13,13006,17026,,S21,Adur,l,,
14820_SH13_Arch_Taes_13006__S24_1x1_d,14820,Nikon,1x,1,Sedgeford,SH13,13006,17026,,S24,Arch_Taes,d,,
14821_SH13_Arch_Taes_13006__S24_1x1_l,14821,Nikon,1x,1,Sedgeford,SH13,13006,17026,,S24,Arch_Taes,l,,
14828_SH13_Arch_Taes_13004__S9_1x1_d,14828,Nikon,1x,1,Sedgeford,SH13,13004,17023,,S9,Arch_Taes,d,,
14829_SH13_Arch_Taes_13004__S9_1x1_l,14829,Nikon,1x,1,Sedgeford,SH13,13004,17023,,S9,Arch_Taes,l,,
14830_SH13_Arch_Tcom_13004__S10_1x1_d,14830,Nikon,1x,1,Sedgeford,SH13,13004,17023,,S10,Arch_Tcom,d,,
14831_SH13_Arch_Tcom_13004__S10_1x1_l,14831,Nikon,1x,1,Sedgeford,SH13,13004,17023,,S10,Arch_Tcom,l,,
14832_SH13_Arch_Taes_13004__S11_1x1_d,14832,Nikon,1x,1,Sedgeford,SH13,13004,17023,,S11,Arch_Taes,d,,
14833_SH13_Arch_Taes_13004__S11_1x1_l,14833,Nikon,1x,1,Sedgeford,SH13,13004,17023,,S11,Arch_Taes,l,,
14834_SH13_Adur_13004__S12_1x1_d,14834,Nikon,1x,1,Sedgeford,SH13,13004,17023,,S12,Adur,d,,
14835_SH13_Adur_13004__S12_1x1_l,14835,Nikon,1x,1,Sedgeford,SH13,13004,17023,,S12,Adur,l,,
14836_SH13_Arch_Taes_13004__S13_1x1_d,14836,Nikon,1x,1,Sedgeford,SH13,13004,17023,,S13,Arch_Taes,d,,
14837_SH13_Arch_Taes_13004__S13_1x1_l,14837,Nikon,1x,1,Sedgeford,SH13,13004,17023,,S13,Arch_Taes,l,,
14838_SH13_Adur_13004__S14_1x1_d,14838,Nikon,1x,1,Sedgeford,SH13,13004,17023,,S14,Adur,d,,
14839_SH13_Adur_13004__S14_1x1_l,14839,Nikon,1x,1,Sedgeford,SH13,13004,17023,,S14,Adur,l,,
14840_SH13_Arch_Taes_13004__S15_1x1_d,14840,Nikon,1x,1,Sedgeford,SH13,13004,17023,,S15,Arch_Taes,d,,
14841_SH13_Arch_Taes_13004__S15_1x1_l,14841,Nikon,1x,1,Sedgeford,SH13,13004,17023,,S15,Arch_Taes,l,,
14842_SH13_Arch_Tcom_13004__S16_1x1_d,14842,Nikon,1x,1,Sedgeford,SH13,13004,17023,,S16,Arch_Tcom,d,,
14843_SH13_Arch_Tcom_13004__S16_1x1_l,14843,Nikon,1x,1,Sedgeford,SH13,13004,17023,,S16,Arch_Tcom,l,,
14846_SH13_Arch_Taes_13004__S18_1x1_d,14846,Nikon,1x,1,Sedgeford,SH13,13004,17023,,S18,Arch_Taes,d,,
14847_SH13_Arch_Taes_13004__S18_1x1_l,14847,Nikon,1x,1,Sedgeford,SH13,13004,17023,,S18,Arch_Taes,l,,
14850_SH13_Arch_Taes_13004__S20_1x1_d,14850,Nikon,1x,1,Sedgeford,SH13,13004,17023,,S20,Arch_Taes,d,,
14851_SH13_Arch_Taes_13004__S20_1x1_l,14851,Nikon,1x,1,Sedgeford,SH13,13004,17023,,S20,Arch_Taes,l,,
14854_SH13_Arch_Tcom_13004__S22_1x1_d,14854,Nikon,1x,1,Sedgeford,SH13,13004,17023,,S22,Arch_Tcom,d,,
14855_SH13_Arch_Tcom_13004__S22_1x1_l,14855,Nikon,1x,1,Sedgeford,SH13,13004,17023,,S22,Arch_Tcom,l,,
14858_SH13_Adur_13001__S6_1x1_d,14858,Nikon,1x,1,Sedgeford,SH13,13001,17013,,S6,Adur,d,,
14859_SH13_Adur_13001__S6_1x1_l,14859,Nikon,1x,1,Sedgeford,SH13,13001,17013,,S6,Adur,l,,
14860_SH13_Adur_13001__S7_1x1_d,14860,Nikon,1x,1,Sedgeford,SH13,13001,17013,,S7,Adur,d,,
14861_SH13_Adur_13001__S7_1x1_l,14861,Nikon,1x,1,Sedgeford,SH13,13001,17013,,S7,Adur,l,,
14862_SH13_Arch_Taes_13001__S8_1x1_d,14862,Nikon,1x,1,Sedgeford,SH13,13001,17013,,S8,Arch_Taes,d,,
14863_SH13_Arch_Taes_13001__S8_1x1_l,14863,Nikon,1x,1,Sedgeford,SH13,13001,17013,,S8,Arch_Taes,l,,
14866_SH13_Adur_13001__S10_1x1_d,14866,Nikon,1x,1,Sedgeford,SH13,13001,17013,,S10,Adur,d,,
14867_SH13_Adur_13001__S10_1x1_l,14867,Nikon,1x,1,Sedgeford,SH13,13001,17013,,S10,Adur,l,,
14868_SH13_Adur_13001__S11_1x1_d,14868,Nikon,1x,1,Sedgeford,SH13,13001,17013,,S11,Adur,d,,
14869_SH13_Adur_13001__S11_1x1_l,14869,Nikon,1x,1,Sedgeford,SH13,13001,17013,,S11,Adur,l,,
14870_SH13_Arch_Taes_13001__S12_1x1_d,14870,Nikon,1x,1,Sedgeford,SH13,13001,17013,,S12,Arch_Taes,d,,
14871_SH13_Arch_Taes_13001__S12_1x1_l,14871,Nikon,1x,1,Sedgeford,SH13,13001,17013,,S12,Arch_Taes,l,,
14872_SH13_Arch_Taes_13001__S13_1x1_d,14872,Nikon,1x,1,Sedgeford,SH13,13001,17013,,S13,Arch_Taes,d,,
14873_SH13_Arch_Taes_13001__S13_1x1_l,14873,Nikon,1x,1,Sedgeford,SH13,13001,17013,,S13,Arch_Taes,l,,
14874_SH13_Arch_Taes_13001__S14_1x1_d,14874,Nikon,1x,1,Sedgeford,SH13,13001,17013,,S14,Arch_Taes,d,,
14875_SH13_Arch_Taes_13001__S14_1x1_l,14875,Nikon,1x,1,Sedgeford,SH13,13001,17013,,S14,Arch_Taes,l,,
14876_SH13_Arch_Tcom_13001__S15_1x1_d,14876,Nikon,1x,1,Sedgeford,SH13,13001,17013,,S15,Arch_Tcom,d,,
14877_SH13_Arch_Tcom_13001__S15_1x1_l,14877,Nikon,1x,1,Sedgeford,SH13,13001,17013,,S15,Arch_Tcom,l,,
14878_SH13_Arch_Taes_13001__S16_1x1_d,14878,Nikon,1x,1,Sedgeford,SH13,13001,17013,,S16,Arch_Taes,d,,
14879_SH13_Arch_Taes_13001__S16_1x1_l,14879,Nikon,1x,1,Sedgeford,SH13,13001,17013,,S16,Arch_Taes,l,,
14880_SH13_Arch_Tcom_13001__S17_1x1_d,14880,Nikon,1x,1,Sedgeford,SH13,13001,17013,,S17,Arch_Tcom,d,,
14881_SH13_Arch_Tcom_13001__S17_1x1_l,14881,Nikon,1x,1,Sedgeford,SH13,13001,17013,,S17,Arch_Tcom,l,,
